COD_PROV,year,marriages,nuptiality
66,1863,11270,9.2
67,1863,11270,9.2
68,1863,11270,9.2
69,1863,11270,9.2
70,1863,11270,9.2
66,1864,10394,8.44
67,1864,10394,8.44
68,1864,10394,8.44
69,1864,10394,8.44
70,1864,10394,8.44
66,1865,11950,9.65
67,1865,11950,9.65
68,1865,11950,9.65
69,1865,11950,9.65
70,1865,11950,9.65
66,1866,9388,7.55
67,1866,9388,7.55
68,1866,9388,7.55
69,1866,9388,7.55
70,1866,9388,7.55
66,1867,9430,7.54
67,1867,9430,7.54
68,1867,9430,7.54
69,1867,9430,7.54
70,1867,9430,7.54
66,1868,9972,7.94
67,1868,9972,7.94
68,1868,9972,7.94
69,1868,9972,7.94
70,1868,9972,7.94
66,1869,10822,8.57
67,1869,10822,8.57
68,1869,10822,8.57
69,1869,10822,8.57
70,1869,10822,8.57
66,1870,9580,7.55
67,1870,9580,7.55
68,1870,9580,7.55
69,1870,9580,7.55
70,1870,9580,7.55
66,1871,11106,8.71
67,1871,11106,8.71
68,1871,11106,8.71
69,1871,11106,8.71
70,1871,11106,8.71
66,1872,10189,7.97
67,1872,10189,7.97
68,1872,10189,7.97
69,1872,10189,7.97
70,1872,10189,7.97
66,1873,11807,9.2
67,1873,11807,9.2
68,1873,11807,9.2
69,1873,11807,9.2
70,1873,11807,9.2
66,1874,10854,8.43
67,1874,10854,8.43
68,1874,10854,8.43
69,1874,10854,8.43
70,1874,10854,8.43
66,1875,12193,9.44
67,1875,12193,9.44
68,1875,12193,9.44
69,1875,12193,9.44
70,1875,12193,9.44
66,1876,11522,8.89
67,1876,11522,8.89
68,1876,11522,8.89
69,1876,11522,8.89
70,1876,11522,8.89
66,1877,12002,9.23
67,1877,12002,9.23
68,1877,12002,9.23
69,1877,12002,9.23
70,1877,12002,9.23
66,1878,11569,8.87
67,1878,11569,8.87
68,1878,11569,8.87
69,1878,11569,8.87
70,1878,11569,8.87
66,1879,11469,8.77
67,1879,11469,8.77
68,1879,11469,8.77
69,1879,11469,8.77
70,1879,11469,8.77
66,1880,10039,7.65
67,1880,10039,7.65
68,1880,10039,7.65
69,1880,10039,7.65
70,1880,10039,7.65
66,1881,13105,9.95
67,1881,13105,9.95
68,1881,13105,9.95
69,1881,13105,9.95
70,1881,13105,9.95
66,1882,10516,9.86
67,1882,10516,9.86
68,1882,10516,9.86
69,1882,10516,9.86
70,1882,10516,9.86
66,1883,7080,7.28
67,1883,7080,7.28
68,1883,7080,7.28
69,1883,7080,7.28
70,1883,7080,7.28
66,1885,12186,9.08
67,1885,12186,9.08
68,1885,12186,9.08
69,1885,12186,9.08
70,1885,12186,9.08
66,1887,1801,1.33
67,1887,1801,1.33
68,1887,1801,1.33
69,1887,1801,1.33
70,1887,1801,1.33
66,1890,11459,8.35
67,1890,11459,8.35
68,1890,11459,8.35
69,1890,11459,8.35
70,1890,11459,8.35
66,1891,11836,8.59
67,1891,11836,8.59
68,1891,11836,8.59
69,1891,11836,8.59
70,1891,11836,8.59
66,1894,11974,8.57
67,1894,11974,8.57
68,1894,11974,8.57
69,1894,11974,8.57
70,1894,11974,8.57
66,1897,25481,18.0
67,1897,25481,18.0
68,1897,25481,18.0
69,1897,25481,18.0
70,1897,25481,18.0
66,1898,14817,14.36
67,1898,14817,14.36
68,1898,14817,14.36
69,1898,14817,14.36
70,1898,14817,14.36
66,1900,2387,2.24
67,1900,2387,2.24
68,1900,2387,2.24
69,1900,2387,2.24
70,1900,2387,2.24
66,1901,11482,7.97
67,1901,11482,7.97
68,1901,11482,7.97
69,1901,11482,7.97
70,1901,11482,7.97
66,1911,10587,7.43
67,1911,10587,7.43
68,1911,10587,7.43
69,1911,10587,7.43
70,1911,10587,7.43
66,1921,16602,11.65
67,1921,16602,11.65
68,1921,16602,11.65
69,1921,16602,11.65
70,1921,16602,11.65
66,1931,10789,7.14
67,1931,10789,7.14
68,1931,10789,7.14
69,1931,10789,7.14
70,1931,10789,7.14
76,1863,4940,9.95
77,1863,4940,9.95
76,1864,4684,9.4
77,1864,4684,9.4
76,1865,5236,10.47
77,1865,5236,10.47
76,1866,4126,8.22
77,1866,4126,8.22
76,1867,4765,9.46
77,1867,4765,9.46
76,1868,4642,9.19
77,1868,4642,9.19
76,1869,4814,9.49
77,1869,4814,9.49
76,1870,3886,7.64
77,1870,3886,7.64
76,1871,4315,8.45
77,1871,4315,8.45
76,1872,4995,9.76
77,1872,4995,9.76
76,1873,5177,10.08
77,1873,5177,10.08
76,1874,4736,9.2
77,1874,4736,9.2
76,1875,5002,9.69
77,1875,5002,9.69
76,1876,5300,10.24
77,1876,5300,10.24
76,1877,5564,10.72
77,1877,5564,10.72
76,1878,4945,9.5
77,1878,4945,9.5
76,1879,4791,9.18
77,1879,4791,9.18
76,1880,4556,8.71
77,1880,4556,8.71
76,1881,5436,10.36
77,1881,5436,10.36
76,1882,5122,9.8
77,1882,5122,9.8
76,1883,3727,7.15
77,1883,3727,7.15
76,1885,4103,7.93
77,1885,4103,7.93
76,1887,626,1.22
77,1887,626,1.22
76,1890,4292,8.43
77,1890,4292,8.43
76,1891,4479,8.83
77,1891,4479,8.83
76,1894,4524,9.01
77,1894,4524,9.01
76,1897,266,0.54
77,1897,266,0.54
76,1900,4019,8.17
77,1900,4019,8.17
76,1901,3548,7.24
77,1901,3548,7.24
76,1911,3788,8.06
77,1911,3788,8.06
76,1921,5885,12.6
77,1921,5885,12.6
76,1931,3824,7.58
77,1931,3824,7.58
78,1863,9265,7.99
79,1863,9265,7.99
80,1863,9265,7.99
78,1864,9244,7.93
79,1864,9244,7.93
80,1864,9244,7.93
78,1865,11576,9.87
79,1865,11576,9.87
80,1865,11576,9.87
78,1866,6995,5.94
79,1866,6995,5.94
80,1866,6995,5.94
78,1867,8537,7.21
79,1867,8537,7.21
80,1867,8537,7.21
78,1868,6922,5.81
79,1868,6922,5.81
80,1868,6922,5.81
78,1869,10660,8.91
79,1869,10660,8.91
80,1869,10660,8.91
78,1870,8599,7.14
79,1870,8599,7.14
80,1870,8599,7.14
78,1871,9826,8.12
79,1871,9826,8.12
80,1871,9826,8.12
78,1872,9287,7.65
79,1872,9287,7.65
80,1872,9287,7.65
78,1873,11034,9.05
79,1873,11034,9.05
80,1873,11034,9.05
78,1874,9433,7.7
79,1874,9433,7.7
80,1874,9433,7.7
78,1875,10947,8.9
79,1875,10947,8.9
80,1875,10947,8.9
78,1876,10443,8.47
79,1876,10443,8.47
80,1876,10443,8.47
78,1877,10778,8.7
79,1877,10778,8.7
80,1877,10778,8.7
78,1878,8318,6.69
79,1878,8318,6.69
80,1878,8318,6.69
78,1879,9663,7.74
79,1879,9663,7.74
80,1879,9663,7.74
78,1880,8545,6.82
79,1880,8545,6.82
80,1880,8545,6.82
78,1881,11497,9.14
79,1881,11497,9.14
80,1881,11497,9.14
78,1882,6881,8.32
79,1882,6881,8.32
80,1882,6881,8.32
78,1883,4941,3.9
79,1883,4941,3.9
80,1883,4941,3.9
78,1885,11437,8.94
79,1885,11437,8.94
80,1885,11437,8.94
78,1887,1244,0.97
79,1887,1244,0.97
80,1887,1244,0.97
78,1890,10766,8.23
79,1890,10766,8.23
80,1890,10766,8.23
78,1891,11756,8.95
79,1891,11756,8.95
80,1891,11756,8.95
78,1894,11684,8.79
79,1894,11684,8.79
80,1894,11684,8.79
78,1897,645,0.7
79,1897,645,0.7
80,1897,645,0.7
78,1898,15915,11.77
79,1898,15915,11.77
80,1898,15915,11.77
78,1900,9877,7.24
79,1900,9877,7.24
80,1900,9877,7.24
78,1901,9840,7.19
79,1901,9840,7.19
80,1901,9840,7.19
78,1911,10276,7.4
79,1911,10276,7.4
80,1911,10276,7.4
78,1921,18149,12.27
79,1921,18149,12.27
80,1921,18149,12.27
78,1931,11408,6.84
79,1931,11408,6.84
80,1931,11408,6.84
61,1863,22912,8.78
62,1863,22912,8.78
63,1863,22912,8.78
64,1863,22912,8.78
65,1863,22912,8.78
61,1864,20756,7.9
62,1864,20756,7.9
63,1864,20756,7.9
64,1864,20756,7.9
65,1864,20756,7.9
61,1865,24409,9.22
62,1865,24409,9.22
63,1865,24409,9.22
64,1865,24409,9.22
65,1865,24409,9.22
61,1866,16099,6.04
62,1866,16099,6.04
63,1866,16099,6.04
64,1866,16099,6.04
65,1866,16099,6.04
61,1867,19170,7.15
62,1867,19170,7.15
63,1867,19170,7.15
64,1867,19170,7.15
65,1867,19170,7.15
61,1868,18873,6.99
62,1868,18873,6.99
63,1868,18873,6.99
64,1868,18873,6.99
65,1868,18873,6.99
61,1869,23457,8.63
62,1869,23457,8.63
63,1869,23457,8.63
64,1869,23457,8.63
65,1869,23457,8.63
61,1870,20942,7.65
62,1870,20942,7.65
63,1870,20942,7.65
64,1870,20942,7.65
65,1870,20942,7.65
61,1871,21544,7.82
62,1871,21544,7.82
63,1871,21544,7.82
64,1871,21544,7.82
65,1871,21544,7.82
61,1872,22479,8.12
62,1872,22479,8.12
63,1872,22479,8.12
64,1872,22479,8.12
65,1872,22479,8.12
61,1873,23840,8.57
62,1873,23840,8.57
63,1873,23840,8.57
64,1873,23840,8.57
65,1873,23840,8.57
61,1874,22576,8.07
62,1874,22576,8.07
63,1874,22576,8.07
64,1874,22576,8.07
65,1874,22576,8.07
61,1875,25020,8.9
62,1875,25020,8.9
63,1875,25020,8.9
64,1875,25020,8.9
65,1875,25020,8.9
61,1876,25024,8.86
62,1876,25024,8.86
63,1876,25024,8.86
64,1876,25024,8.86
65,1876,25024,8.86
61,1877,24559,8.65
62,1877,24559,8.65
63,1877,24559,8.65
64,1877,24559,8.65
65,1877,24559,8.65
61,1878,20840,7.3
62,1878,20840,7.3
63,1878,20840,7.3
64,1878,20840,7.3
65,1878,20840,7.3
61,1879,21842,7.61
62,1879,21842,7.61
63,1879,21842,7.61
64,1879,21842,7.61
65,1879,21842,7.61
61,1880,21390,7.42
62,1880,21390,7.42
63,1880,21390,7.42
64,1880,21390,7.42
65,1880,21390,7.42
61,1881,26087,9.01
62,1881,26087,9.01
63,1881,26087,9.01
64,1881,26087,9.01
65,1881,26087,9.01
61,1882,13304,9.85
62,1882,13304,9.85
63,1882,13304,9.85
64,1882,13304,9.85
65,1882,13304,9.85
61,1883,9668,4.08
62,1883,9668,4.08
63,1883,9668,4.08
64,1883,9668,4.08
65,1883,9668,4.08
61,1885,27143,9.21
62,1885,27143,9.21
63,1885,27143,9.21
64,1885,27143,9.21
65,1885,27143,9.21
61,1887,2992,1.01
62,1887,2992,1.01
63,1887,2992,1.01
64,1887,2992,1.01
65,1887,2992,1.01
61,1890,23790,7.89
62,1890,23790,7.89
63,1890,23790,7.89
64,1890,23790,7.89
65,1890,23790,7.89
61,1891,23453,7.75
62,1891,23453,7.75
63,1891,23453,7.75
64,1891,23453,7.75
65,1891,23453,7.75
61,1894,24119,7.87
62,1894,24119,7.87
63,1894,24119,7.87
64,1894,24119,7.87
65,1894,24119,7.87
61,1897,53858,17.34
62,1897,53858,17.34
63,1897,53858,17.34
64,1897,53858,17.34
65,1897,53858,17.34
61,1898,37602,12.06
62,1898,37602,12.06
63,1898,37602,12.06
64,1898,37602,12.06
65,1898,37602,12.06
61,1900,11463,3.65
62,1900,11463,3.65
63,1900,11463,3.65
64,1900,11463,3.65
65,1900,11463,3.65
61,1901,22016,6.97
62,1901,22016,6.97
63,1901,22016,6.97
64,1901,22016,6.97
65,1901,22016,6.97
61,1911,24430,7.42
62,1911,24430,7.42
63,1911,24430,7.42
64,1911,24430,7.42
65,1911,24430,7.42
61,1921,39533,11.22
62,1921,39533,11.22
63,1921,39533,11.22
64,1921,39533,11.22
65,1921,39533,11.22
61,1931,21937,6.3
62,1931,21937,6.3
63,1931,21937,6.3
64,1931,21937,6.3
65,1931,21937,6.3
33,1863,15087,7.44
34,1863,15087,7.44
35,1863,15087,7.44
36,1863,15087,7.44
37,1863,15087,7.44
38,1863,15087,7.44
39,1863,15087,7.44
40,1863,15087,7.44
33,1864,14904,7.31
34,1864,14904,7.31
35,1864,14904,7.31
36,1864,14904,7.31
37,1864,14904,7.31
38,1864,14904,7.31
39,1864,14904,7.31
40,1864,14904,7.31
33,1865,16612,8.1
34,1865,16612,8.1
35,1865,16612,8.1
36,1865,16612,8.1
37,1865,16612,8.1
38,1865,16612,8.1
39,1865,16612,8.1
40,1865,16612,8.1
33,1866,8742,4.24
34,1866,8742,4.24
35,1866,8742,4.24
36,1866,8742,4.24
37,1866,8742,4.24
38,1866,8742,4.24
39,1866,8742,4.24
40,1866,8742,4.24
33,1867,10978,5.3
34,1867,10978,5.3
35,1867,10978,5.3
36,1867,10978,5.3
37,1867,10978,5.3
38,1867,10978,5.3
39,1867,10978,5.3
40,1867,10978,5.3
33,1868,12987,6.24
34,1868,12987,6.24
35,1868,12987,6.24
36,1868,12987,6.24
37,1868,12987,6.24
38,1868,12987,6.24
39,1868,12987,6.24
40,1868,12987,6.24
33,1869,13486,6.44
34,1869,13486,6.44
35,1869,13486,6.44
36,1869,13486,6.44
37,1869,13486,6.44
38,1869,13486,6.44
39,1869,13486,6.44
40,1869,13486,6.44
33,1870,13577,6.45
34,1870,13577,6.45
35,1870,13577,6.45
36,1870,13577,6.45
37,1870,13577,6.45
38,1870,13577,6.45
39,1870,13577,6.45
40,1870,13577,6.45
33,1871,12516,5.92
34,1871,12516,5.92
35,1871,12516,5.92
36,1871,12516,5.92
37,1871,12516,5.92
38,1871,12516,5.92
39,1871,12516,5.92
40,1871,12516,5.92
33,1872,13057,6.15
34,1872,13057,6.15
35,1872,13057,6.15
36,1872,13057,6.15
37,1872,13057,6.15
38,1872,13057,6.15
39,1872,13057,6.15
40,1872,13057,6.15
33,1873,14821,6.96
34,1873,14821,6.96
35,1873,14821,6.96
36,1873,14821,6.96
37,1873,14821,6.96
38,1873,14821,6.96
39,1873,14821,6.96
40,1873,14821,6.96
33,1874,15099,7.07
34,1874,15099,7.07
35,1874,15099,7.07
36,1874,15099,7.07
37,1874,15099,7.07
38,1874,15099,7.07
39,1874,15099,7.07
40,1874,15099,7.07
33,1875,16008,7.47
34,1875,16008,7.47
35,1875,16008,7.47
36,1875,16008,7.47
37,1875,16008,7.47
38,1875,16008,7.47
39,1875,16008,7.47
40,1875,16008,7.47
33,1876,16747,7.79
34,1876,16747,7.79
35,1876,16747,7.79
36,1876,16747,7.79
37,1876,16747,7.79
38,1876,16747,7.79
39,1876,16747,7.79
40,1876,16747,7.79
33,1877,14994,6.95
34,1877,14994,6.95
35,1877,14994,6.95
36,1877,14994,6.95
37,1877,14994,6.95
38,1877,14994,6.95
39,1877,14994,6.95
40,1877,14994,6.95
33,1878,13322,6.16
34,1878,13322,6.16
35,1878,13322,6.16
36,1878,13322,6.16
37,1878,13322,6.16
38,1878,13322,6.16
39,1878,13322,6.16
40,1878,13322,6.16
33,1879,15775,7.27
34,1879,15775,7.27
35,1879,15775,7.27
36,1879,15775,7.27
37,1879,15775,7.27
38,1879,15775,7.27
39,1879,15775,7.27
40,1879,15775,7.27
33,1880,14410,6.62
34,1880,14410,6.62
35,1880,14410,6.62
36,1880,14410,6.62
37,1880,14410,6.62
38,1880,14410,6.62
39,1880,14410,6.62
40,1880,14410,6.62
33,1881,14945,6.85
34,1881,14945,6.85
35,1881,14945,6.85
36,1881,14945,6.85
37,1881,14945,6.85
38,1881,14945,6.85
39,1881,14945,6.85
40,1881,14945,6.85
33,1882,23227,10.58
34,1882,23227,10.58
35,1882,23227,10.58
36,1882,23227,10.58
37,1882,23227,10.58
38,1882,23227,10.58
39,1882,23227,10.58
40,1882,23227,10.58
33,1883,6275,3.67
34,1883,6275,3.67
35,1883,6275,3.67
36,1883,6275,3.67
37,1883,6275,3.67
38,1883,6275,3.67
39,1883,6275,3.67
40,1883,6275,3.67
33,1885,16863,7.54
34,1885,16863,7.54
35,1885,16863,7.54
36,1885,16863,7.54
37,1885,16863,7.54
38,1885,16863,7.54
39,1885,16863,7.54
40,1885,16863,7.54
33,1887,3330,1.9
34,1887,3330,1.9
35,1887,3330,1.9
36,1887,3330,1.9
37,1887,3330,1.9
38,1887,3330,1.9
39,1887,3330,1.9
40,1887,3330,1.9
33,1890,16929,7.36
34,1890,16929,7.36
35,1890,16929,7.36
36,1890,16929,7.36
37,1890,16929,7.36
38,1890,16929,7.36
39,1890,16929,7.36
40,1890,16929,7.36
33,1891,16629,7.19
34,1891,16629,7.19
35,1891,16629,7.19
36,1891,16629,7.19
37,1891,16629,7.19
38,1891,16629,7.19
39,1891,16629,7.19
40,1891,16629,7.19
33,1894,17849,7.59
34,1894,17849,7.59
35,1894,17849,7.59
36,1894,17849,7.59
37,1894,17849,7.59
38,1894,17849,7.59
39,1894,17849,7.59
40,1894,17849,7.59
33,1897,25090,10.49
34,1897,25090,10.49
35,1897,25090,10.49
36,1897,25090,10.49
37,1897,25090,10.49
38,1897,25090,10.49
39,1897,25090,10.49
40,1897,25090,10.49
33,1898,27928,11.61
34,1898,27928,11.61
35,1898,27928,11.61
36,1898,27928,11.61
37,1898,27928,11.61
38,1898,27928,11.61
39,1898,27928,11.61
40,1898,27928,11.61
33,1900,14966,7.0
34,1900,14966,7.0
35,1900,14966,7.0
36,1900,14966,7.0
37,1900,14966,7.0
38,1900,14966,7.0
39,1900,14966,7.0
40,1900,14966,7.0
33,1901,18103,7.41
34,1901,18103,7.41
35,1901,18103,7.41
36,1901,18103,7.41
37,1901,18103,7.41
38,1901,18103,7.41
39,1901,18103,7.41
40,1901,18103,7.41
33,1911,20498,7.65
34,1911,20498,7.65
35,1911,20498,7.65
36,1911,20498,7.65
37,1911,20498,7.65
38,1911,20498,7.65
39,1911,20498,7.65
40,1911,20498,7.65
33,1921,32124,10.94
34,1921,32124,10.94
35,1921,32124,10.94
36,1921,32124,10.94
37,1921,32124,10.94
38,1921,32124,10.94
39,1921,32124,10.94
40,1921,32124,10.94
33,1931,22153,6.87
34,1931,22153,6.87
35,1931,22153,6.87
36,1931,22153,6.87
37,1931,22153,6.87
38,1931,22153,6.87
39,1931,22153,6.87
40,1931,22153,6.87
56,1872,2516,2.98
57,1872,2516,2.98
58,1872,2516,2.98
59,1872,2516,2.98
60,1872,2516,2.98
56,1873,3164,3.72
57,1873,3164,3.72
58,1873,3164,3.72
59,1873,3164,3.72
60,1873,3164,3.72
56,1874,3811,4.45
57,1874,3811,4.45
58,1874,3811,4.45
59,1874,3811,4.45
60,1874,3811,4.45
56,1875,4552,5.28
57,1875,4552,5.28
58,1875,4552,5.28
59,1875,4552,5.28
60,1875,4552,5.28
56,1876,4702,5.41
57,1876,4702,5.41
58,1876,4702,5.41
59,1876,4702,5.41
60,1876,4702,5.41
56,1877,5143,5.87
57,1877,5143,5.87
58,1877,5143,5.87
59,1877,5143,5.87
60,1877,5143,5.87
56,1878,5063,5.74
57,1878,5063,5.74
58,1878,5063,5.74
59,1878,5063,5.74
60,1878,5063,5.74
56,1879,5305,5.97
57,1879,5305,5.97
58,1879,5305,5.97
59,1879,5305,5.97
60,1879,5305,5.97
56,1880,5134,5.73
57,1880,5134,5.73
58,1880,5134,5.73
59,1880,5134,5.73
60,1880,5134,5.73
56,1881,7016,7.77
57,1881,7016,7.77
58,1881,7016,7.77
59,1881,7016,7.77
60,1881,7016,7.77
56,1883,3461,3.71
57,1883,3461,3.71
58,1883,3461,3.71
59,1883,3461,3.71
60,1883,3461,3.71
56,1885,7098,7.38
57,1885,7098,7.38
58,1885,7098,7.38
59,1885,7098,7.38
60,1885,7098,7.38
56,1887,589,0.59
57,1887,589,0.59
58,1887,589,0.59
59,1887,589,0.59
60,1887,589,0.59
56,1890,7353,7.11
57,1890,7353,7.11
58,1890,7353,7.11
59,1890,7353,7.11
60,1890,7353,7.11
56,1891,7242,6.9
57,1891,7242,6.9
58,1891,7242,6.9
59,1891,7242,6.9
60,1891,7242,6.9
56,1894,7095,6.49
57,1894,7095,6.49
58,1894,7095,6.49
59,1894,7095,6.49
60,1894,7095,6.49
56,1900,819,0.69
57,1900,819,0.69
58,1900,819,0.69
59,1900,819,0.69
60,1900,819,0.69
56,1901,7932,6.63
57,1901,7932,6.63
58,1901,7932,6.63
59,1901,7932,6.63
60,1901,7932,6.63
56,1911,10316,7.88
57,1911,10316,7.88
58,1911,10316,7.88
59,1911,10316,7.88
60,1911,10316,7.88
56,1921,16941,11.3
57,1921,16941,11.3
58,1921,16941,11.3
59,1921,16941,11.3
60,1921,16941,11.3
56,1931,16683,7.0
57,1931,16683,7.0
58,1931,16683,7.0
59,1931,16683,7.0
60,1931,16683,7.0
8,1863,7384,9.4
9,1863,7384,9.4
10,1863,7384,9.4
11,1863,7384,9.4
8,1864,7311,9.22
9,1864,7311,9.22
10,1864,7311,9.22
11,1864,7311,9.22
8,1865,9102,11.38
9,1865,9102,11.38
10,1865,9102,11.38
11,1865,9102,11.38
8,1866,3872,4.8
9,1866,3872,4.8
10,1866,3872,4.8
11,1866,3872,4.8
8,1867,5714,7.02
9,1867,5714,7.02
10,1867,5714,7.02
11,1867,5714,7.02
8,1868,5829,7.09
9,1868,5829,7.09
10,1868,5829,7.09
11,1868,5829,7.09
8,1869,5993,7.24
9,1869,5993,7.24
10,1869,5993,7.24
11,1869,5993,7.24
8,1870,5820,6.96
9,1870,5820,6.96
10,1870,5820,6.96
11,1870,5820,6.96
8,1871,6292,7.47
9,1871,6292,7.47
10,1871,6292,7.47
11,1871,6292,7.47
8,1872,6530,7.7
9,1872,6530,7.7
10,1872,6530,7.7
11,1872,6530,7.7
8,1873,6571,7.71
9,1873,6571,7.71
10,1873,6571,7.71
11,1873,6571,7.71
8,1874,6473,7.55
9,1874,6473,7.55
10,1874,6473,7.55
11,1874,6473,7.55
8,1875,6842,7.93
9,1875,6842,7.93
10,1875,6842,7.93
11,1875,6842,7.93
8,1876,6601,7.61
9,1876,6601,7.61
10,1876,6601,7.61
11,1876,6601,7.61
8,1877,6206,7.12
9,1877,6206,7.12
10,1877,6206,7.12
11,1877,6206,7.12
8,1878,5817,6.63
9,1878,5817,6.63
10,1878,5817,6.63
11,1878,5817,6.63
8,1879,6119,6.93
9,1879,6119,6.93
10,1879,6119,6.93
11,1879,6119,6.93
8,1880,5854,6.6
9,1880,5854,6.6
10,1880,5854,6.6
11,1880,5854,6.6
8,1881,6333,7.1
9,1881,6333,7.1
10,1881,6333,7.1
11,1881,6333,7.1
8,1882,2833,3.69
9,1882,2833,3.69
10,1882,2833,3.69
11,1882,2833,3.69
8,1883,3599,3.95
9,1883,3599,3.95
10,1883,3599,3.95
11,1883,3599,3.95
8,1885,823,6.13
9,1885,823,6.13
10,1885,823,6.13
11,1885,823,6.13
8,1887,796,0.84
9,1887,796,0.84
10,1887,796,0.84
11,1887,796,0.84
8,1890,6826,7.0
9,1890,6826,7.0
10,1890,6826,7.0
11,1890,6826,7.0
8,1891,6833,6.94
9,1891,6833,6.94
10,1891,6833,6.94
11,1891,6833,6.94
8,1894,6523,6.44
9,1894,6523,6.44
10,1894,6523,6.44
11,1894,6523,6.44
8,1897,10051,9.67
9,1897,10051,9.67
10,1897,10051,9.67
11,1897,10051,9.67
8,1898,10086,9.61
9,1898,10086,9.61
10,1898,10086,9.61
11,1898,10086,9.61
8,1900,7055,6.61
9,1900,7055,6.61
10,1900,7055,6.61
11,1900,7055,6.61
8,1901,7007,6.51
9,1901,7007,6.51
10,1901,7007,6.51
11,1901,7007,6.51
8,1911,7846,6.57
9,1911,7846,6.57
10,1911,7846,6.57
11,1911,7846,6.57
8,1921,13707,10.37
9,1921,13707,10.37
10,1921,13707,10.37
11,1921,13707,10.37
8,1931,8744,6.08
9,1931,8744,6.08
10,1931,8744,6.08
11,1931,8744,6.08
12,1863,27236,7.99
13,1863,27236,7.99
14,1863,27236,7.99
15,1863,27236,7.99
16,1863,27236,7.99
17,1863,27236,7.99
18,1863,27236,7.99
19,1863,27236,7.99
20,1863,27236,7.99
12,1864,26703,7.82
13,1864,26703,7.82
14,1864,26703,7.82
15,1864,26703,7.82
16,1864,26703,7.82
17,1864,26703,7.82
18,1864,26703,7.82
19,1864,26703,7.82
20,1864,26703,7.82
12,1865,30604,8.95
13,1865,30604,8.95
14,1865,30604,8.95
15,1865,30604,8.95
16,1865,30604,8.95
17,1865,30604,8.95
18,1865,30604,8.95
19,1865,30604,8.95
20,1865,30604,8.95
12,1866,19620,5.73
13,1866,19620,5.73
14,1866,19620,5.73
15,1866,19620,5.73
16,1866,19620,5.73
17,1866,19620,5.73
18,1866,19620,5.73
19,1866,19620,5.73
20,1866,19620,5.73
12,1867,25400,7.4
13,1867,25400,7.4
14,1867,25400,7.4
15,1867,25400,7.4
16,1867,25400,7.4
17,1867,25400,7.4
18,1867,25400,7.4
19,1867,25400,7.4
20,1867,25400,7.4
12,1868,28789,8.37
13,1868,28789,8.37
14,1868,28789,8.37
15,1868,28789,8.37
16,1868,28789,8.37
17,1868,28789,8.37
18,1868,28789,8.37
19,1868,28789,8.37
20,1868,28789,8.37
12,1869,29125,8.46
13,1869,29125,8.46
14,1869,29125,8.46
15,1869,29125,8.46
16,1869,29125,8.46
17,1869,29125,8.46
18,1869,29125,8.46
19,1869,29125,8.46
20,1869,29125,8.46
12,1870,27756,8.04
13,1870,27756,8.04
14,1870,27756,8.04
15,1870,27756,8.04
16,1870,27756,8.04
17,1870,27756,8.04
18,1870,27756,8.04
19,1870,27756,8.04
20,1870,27756,8.04
12,1871,26750,7.74
13,1871,26750,7.74
14,1871,26750,7.74
15,1871,26750,7.74
16,1871,26750,7.74
17,1871,26750,7.74
18,1871,26750,7.74
19,1871,26750,7.74
20,1871,26750,7.74
12,1872,29356,8.44
13,1872,29356,8.44
14,1872,29356,8.44
15,1872,29356,8.44
16,1872,29356,8.44
17,1872,29356,8.44
18,1872,29356,8.44
19,1872,29356,8.44
20,1872,29356,8.44
12,1873,29759,8.5
13,1873,29759,8.5
14,1873,29759,8.5
15,1873,29759,8.5
16,1873,29759,8.5
17,1873,29759,8.5
18,1873,29759,8.5
19,1873,29759,8.5
20,1873,29759,8.5
12,1874,28752,8.16
13,1874,28752,8.16
14,1874,28752,8.16
15,1874,28752,8.16
16,1874,28752,8.16
17,1874,28752,8.16
18,1874,28752,8.16
19,1874,28752,8.16
20,1874,28752,8.16
12,1875,30744,8.67
13,1875,30744,8.67
14,1875,30744,8.67
15,1875,30744,8.67
16,1875,30744,8.67
17,1875,30744,8.67
18,1875,30744,8.67
19,1875,30744,8.67
20,1875,30744,8.67
12,1876,31002,8.69
13,1876,31002,8.69
14,1876,31002,8.69
15,1876,31002,8.69
16,1876,31002,8.69
17,1876,31002,8.69
18,1876,31002,8.69
19,1876,31002,8.69
20,1876,31002,8.69
12,1877,27587,7.69
13,1877,27587,7.69
14,1877,27587,7.69
15,1877,27587,7.69
16,1877,27587,7.69
17,1877,27587,7.69
18,1877,27587,7.69
19,1877,27587,7.69
20,1877,27587,7.69
12,1878,27104,7.51
13,1878,27104,7.51
14,1878,27104,7.51
15,1878,27104,7.51
16,1878,27104,7.51
17,1878,27104,7.51
18,1878,27104,7.51
19,1878,27104,7.51
20,1878,27104,7.51
12,1879,27980,7.7
13,1879,27980,7.7
14,1879,27980,7.7
15,1879,27980,7.7
16,1879,27980,7.7
17,1879,27980,7.7
18,1879,27980,7.7
19,1879,27980,7.7
20,1879,27980,7.7
12,1880,25922,7.09
13,1880,25922,7.09
14,1880,25922,7.09
15,1880,25922,7.09
16,1880,25922,7.09
17,1880,25922,7.09
18,1880,25922,7.09
19,1880,25922,7.09
20,1880,25922,7.09
12,1881,27729,7.55
13,1881,27729,7.55
14,1881,27729,7.55
15,1881,27729,7.55
16,1881,27729,7.55
17,1881,27729,7.55
18,1881,27729,7.55
19,1881,27729,7.55
20,1881,27729,7.55
12,1882,19905,8.48
13,1882,19905,8.48
14,1882,19905,8.48
15,1882,19905,8.48
16,1882,19905,8.48
17,1882,19905,8.48
18,1882,19905,8.48
19,1882,19905,8.48
20,1882,19905,8.48
12,1883,19081,5.27
13,1883,19081,5.27
14,1883,19081,5.27
15,1883,19081,5.27
16,1883,19081,5.27
17,1883,19081,5.27
18,1883,19081,5.27
19,1883,19081,5.27
20,1883,19081,5.27
12,1885,25399,7.51
13,1885,25399,7.51
14,1885,25399,7.51
15,1885,25399,7.51
16,1885,25399,7.51
17,1885,25399,7.51
18,1885,25399,7.51
19,1885,25399,7.51
20,1885,25399,7.51
12,1887,4701,1.47
13,1887,4701,1.47
14,1887,4701,1.47
15,1887,4701,1.47
16,1887,4701,1.47
17,1887,4701,1.47
18,1887,4701,1.47
19,1887,4701,1.47
20,1887,4701,1.47
12,1890,26736,6.98
13,1890,26736,6.98
14,1890,26736,6.98
15,1890,26736,6.98
16,1890,26736,6.98
17,1890,26736,6.98
18,1890,26736,6.98
19,1890,26736,6.98
20,1890,26736,6.98
12,1891,26849,6.96
13,1891,26849,6.96
14,1891,26849,6.96
15,1891,26849,6.96
16,1891,26849,6.96
17,1891,26849,6.96
18,1891,26849,6.96
19,1891,26849,6.96
20,1891,26849,6.96
12,1894,27618,7.0
13,1894,27618,7.0
14,1894,27618,7.0
15,1894,27618,7.0
16,1894,27618,7.0
17,1894,27618,7.0
18,1894,27618,7.0
19,1894,27618,7.0
20,1894,27618,7.0
12,1897,42997,10.66
13,1897,42997,10.66
14,1897,42997,10.66
15,1897,42997,10.66
16,1897,42997,10.66
17,1897,42997,10.66
18,1897,42997,10.66
19,1897,42997,10.66
20,1897,42997,10.66
12,1898,46337,11.4
13,1898,46337,11.4
14,1898,46337,11.4
15,1898,46337,11.4
16,1898,46337,11.4
17,1898,46337,11.4
18,1898,46337,11.4
19,1898,46337,11.4
20,1898,46337,11.4
12,1900,31241,7.57
13,1900,31241,7.57
14,1900,31241,7.57
15,1900,31241,7.57
16,1900,31241,7.57
17,1900,31241,7.57
18,1900,31241,7.57
19,1900,31241,7.57
20,1900,31241,7.57
12,1901,32640,7.63
13,1901,32640,7.63
14,1901,32640,7.63
15,1901,32640,7.63
16,1901,32640,7.63
17,1901,32640,7.63
18,1901,32640,7.63
19,1901,32640,7.63
20,1901,32640,7.63
12,1911,35307,7.38
13,1911,35307,7.38
14,1911,35307,7.38
15,1911,35307,7.38
16,1911,35307,7.38
17,1911,35307,7.38
18,1911,35307,7.38
19,1911,35307,7.38
20,1911,35307,7.38
12,1921,61738,12.12
13,1921,61738,12.12
14,1921,61738,12.12
15,1921,61738,12.12
16,1921,61738,12.12
17,1921,61738,12.12
18,1921,61738,12.12
19,1921,61738,12.12
20,1921,61738,12.12
12,1931,38059,6.82
13,1931,38059,6.82
14,1931,38059,6.82
15,1931,38059,6.82
16,1931,38059,6.82
17,1931,38059,6.82
18,1931,38059,6.82
19,1931,38059,6.82
20,1931,38059,6.82
41,1863,6178,6.96
42,1863,6178,6.96
43,1863,6178,6.96
44,1863,6178,6.96
41,1864,6284,7.05
42,1864,6284,7.05
43,1864,6284,7.05
44,1864,6284,7.05
41,1865,6685,7.47
42,1865,6685,7.47
43,1865,6685,7.47
44,1865,6685,7.47
41,1866,3401,3.78
42,1866,3401,3.78
43,1866,3401,3.78
44,1866,3401,3.78
41,1867,3838,4.26
42,1867,3838,4.26
43,1867,3838,4.26
44,1867,3838,4.26
41,1868,3593,3.97
42,1868,3593,3.97
43,1868,3593,3.97
44,1868,3593,3.97
41,1869,4142,4.56
42,1869,4142,4.56
43,1869,4142,4.56
44,1869,4142,4.56
41,1870,3927,4.31
42,1870,3927,4.31
43,1870,3927,4.31
44,1870,3927,4.31
41,1871,3886,4.25
42,1871,3886,4.25
43,1871,3886,4.25
44,1871,3886,4.25
41,1872,4813,5.24
42,1872,4813,5.24
43,1872,4813,5.24
44,1872,4813,5.24
41,1873,5648,6.14
42,1873,5648,6.14
43,1873,5648,6.14
44,1873,5648,6.14
41,1874,5768,6.25
42,1874,5768,6.25
43,1874,5768,6.25
44,1874,5768,6.25
41,1875,7290,7.88
42,1875,7290,7.88
43,1875,7290,7.88
44,1875,7290,7.88
41,1876,6791,7.32
42,1876,6791,7.32
43,1876,6791,7.32
44,1876,6791,7.32
41,1877,6984,7.51
42,1877,6984,7.51
43,1877,6984,7.51
44,1877,6984,7.51
41,1878,6685,7.17
42,1878,6685,7.17
43,1878,6685,7.17
44,1878,6685,7.17
41,1879,7333,7.85
42,1879,7333,7.85
43,1879,7333,7.85
44,1879,7333,7.85
41,1880,6606,7.05
42,1880,6606,7.05
43,1880,6606,7.05
44,1880,6606,7.05
41,1881,7473,7.96
42,1881,7473,7.96
43,1881,7473,7.96
44,1881,7473,7.96
41,1882,5481,8.11
42,1882,5481,8.11
43,1882,5481,8.11
44,1882,5481,8.11
41,1883,4881,5.13
42,1883,4881,5.13
43,1883,4881,5.13
44,1883,4881,5.13
41,1885,5904,8.2
42,1885,5904,8.2
43,1885,5904,8.2
44,1885,5904,8.2
41,1887,1669,1.71
42,1887,1669,1.71
43,1887,1669,1.71
44,1887,1669,1.71
41,1890,6004,7.93
42,1890,6004,7.93
43,1890,6004,7.93
44,1890,6004,7.93
41,1891,7732,7.73
42,1891,7732,7.73
43,1891,7732,7.73
44,1891,7732,7.73
41,1894,8263,8.12
42,1894,8263,8.12
43,1894,8263,8.12
44,1894,8263,8.12
41,1897,17283,16.68
42,1897,17283,16.68
43,1897,17283,16.68
44,1897,17283,16.68
41,1898,11817,11.34
42,1898,11817,11.34
43,1898,11817,11.34
44,1898,11817,11.34
41,1900,683,0.86
42,1900,683,0.86
43,1900,683,0.86
44,1900,683,0.86
41,1901,7377,6.96
42,1901,7377,6.96
43,1901,7377,6.96
44,1901,7377,6.96
41,1911,8662,7.93
42,1911,8662,7.93
43,1911,8662,7.93
44,1911,8662,7.93
41,1921,13996,12.24
42,1921,13996,12.24
43,1921,13996,12.24
44,1921,13996,12.24
41,1931,8806,7.23
42,1931,8806,7.23
43,1931,8806,7.23
44,1931,8806,7.23
1,1863,24031,8.61
2,1863,24031,8.61
3,1863,24031,8.61
4,1863,24031,8.61
5,1863,24031,8.61
6,1863,24031,8.61
7,1863,24031,8.61
1,1864,24149,8.62
2,1864,24149,8.62
3,1864,24149,8.62
4,1864,24149,8.62
5,1864,24149,8.62
6,1864,24149,8.62
7,1864,24149,8.62
1,1865,28942,10.27
2,1865,28942,10.27
3,1865,28942,10.27
4,1865,28942,10.27
5,1865,28942,10.27
6,1865,28942,10.27
7,1865,28942,10.27
1,1866,17605,6.22
2,1866,17605,6.22
3,1866,17605,6.22
4,1866,17605,6.22
5,1866,17605,6.22
6,1866,17605,6.22
7,1866,17605,6.22
1,1867,20103,7.07
2,1867,20103,7.07
3,1867,20103,7.07
4,1867,20103,7.07
5,1867,20103,7.07
6,1867,20103,7.07
7,1867,20103,7.07
1,1868,21617,7.56
2,1868,21617,7.56
3,1868,21617,7.56
4,1868,21617,7.56
5,1868,21617,7.56
6,1868,21617,7.56
7,1868,21617,7.56
1,1869,22724,7.91
2,1869,22724,7.91
3,1869,22724,7.91
4,1869,22724,7.91
5,1869,22724,7.91
6,1869,22724,7.91
7,1869,22724,7.91
1,1870,22806,7.9
2,1870,22806,7.9
3,1870,22806,7.9
4,1870,22806,7.9
5,1870,22806,7.9
6,1870,22806,7.9
7,1870,22806,7.9
1,1871,23904,8.24
2,1871,23904,8.24
3,1871,23904,8.24
4,1871,23904,8.24
5,1871,23904,8.24
6,1871,23904,8.24
7,1871,23904,8.24
1,1872,24091,8.26
2,1872,24091,8.26
3,1872,24091,8.26
4,1872,24091,8.26
5,1872,24091,8.26
6,1872,24091,8.26
7,1872,24091,8.26
1,1873,23062,7.86
2,1873,23062,7.86
3,1873,23062,7.86
4,1873,23062,7.86
5,1873,23062,7.86
6,1873,23062,7.86
7,1873,23062,7.86
1,1874,23835,8.08
2,1874,23835,8.08
3,1874,23835,8.08
4,1874,23835,8.08
5,1874,23835,8.08
6,1874,23835,8.08
7,1874,23835,8.08
1,1875,25666,8.65
2,1875,25666,8.65
3,1875,25666,8.65
4,1875,25666,8.65
5,1875,25666,8.65
6,1875,25666,8.65
7,1875,25666,8.65
1,1876,25308,8.48
2,1876,25308,8.48
3,1876,25308,8.48
4,1876,25308,8.48
5,1876,25308,8.48
6,1876,25308,8.48
7,1876,25308,8.48
1,1877,22700,7.56
2,1877,22700,7.56
3,1877,22700,7.56
4,1877,22700,7.56
5,1877,22700,7.56
6,1877,22700,7.56
7,1877,22700,7.56
1,1878,23919,7.92
2,1878,23919,7.92
3,1878,23919,7.92
4,1878,23919,7.92
5,1878,23919,7.92
6,1878,23919,7.92
7,1878,23919,7.92
1,1879,24068,7.93
2,1879,24068,7.93
3,1879,24068,7.93
4,1879,24068,7.93
5,1879,24068,7.93
6,1879,24068,7.93
7,1879,24068,7.93
1,1880,22639,7.42
2,1880,22639,7.42
3,1880,22639,7.42
4,1880,22639,7.42
5,1880,22639,7.42
6,1880,22639,7.42
7,1880,22639,7.42
1,1881,23615,7.69
2,1881,23615,7.69
3,1881,23615,7.69
4,1881,23615,7.69
5,1881,23615,7.69
6,1881,23615,7.69
7,1881,23615,7.69
1,1882,14361,5.87
2,1882,14361,5.87
3,1882,14361,5.87
4,1882,14361,5.87
5,1882,14361,5.87
6,1882,14361,5.87
7,1882,14361,5.87
1,1883,11751,3.79
2,1883,11751,3.79
3,1883,11751,3.79
4,1883,11751,3.79
5,1883,11751,3.79
6,1883,11751,3.79
7,1883,11751,3.79
1,1885,15450,4.95
2,1885,15450,4.95
3,1885,15450,4.95
4,1885,15450,4.95
5,1885,15450,4.95
6,1885,15450,4.95
7,1885,15450,4.95
1,1887,3744,1.19
2,1887,3744,1.19
3,1887,3744,1.19
4,1887,3744,1.19
5,1887,3744,1.19
6,1887,3744,1.19
7,1887,3744,1.19
1,1890,20077,6.31
2,1890,20077,6.31
3,1890,20077,6.31
4,1890,20077,6.31
5,1890,20077,6.31
6,1890,20077,6.31
7,1890,20077,6.31
1,1891,21689,6.79
2,1891,21689,6.79
3,1891,21689,6.79
4,1891,21689,6.79
5,1891,21689,6.79
6,1891,21689,6.79
7,1891,21689,6.79
1,1894,23199,7.19
2,1894,23199,7.19
3,1894,23199,7.19
4,1894,23199,7.19
5,1894,23199,7.19
6,1894,23199,7.19
7,1894,23199,7.19
1,1897,32266,9.88
2,1897,32266,9.88
3,1897,32266,9.88
4,1897,32266,9.88
5,1897,32266,9.88
6,1897,32266,9.88
7,1897,32266,9.88
1,1898,33747,10.29
2,1898,33747,10.29
3,1898,33747,10.29
4,1898,33747,10.29
5,1898,33747,10.29
6,1898,33747,10.29
7,1898,33747,10.29
1,1900,16137,7.39
2,1900,16137,7.39
3,1900,16137,7.39
4,1900,16137,7.39
5,1900,16137,7.39
6,1900,16137,7.39
7,1900,16137,7.39
1,1901,24703,7.46
2,1901,24703,7.46
3,1901,24703,7.46
4,1901,24703,7.46
5,1901,24703,7.46
6,1901,24703,7.46
7,1901,24703,7.46
1,1911,25002,7.33
2,1911,25002,7.33
3,1911,25002,7.33
4,1911,25002,7.33
5,1911,25002,7.33
6,1911,25002,7.33
7,1911,25002,7.33
1,1921,42571,12.62
2,1921,42571,12.62
3,1921,42571,12.62
4,1921,42571,12.62
5,1921,42571,12.62
6,1921,42571,12.62
7,1921,42571,12.62
1,1931,23814,6.81
2,1931,23814,6.81
3,1931,23814,6.81
4,1931,23814,6.81
5,1931,23814,6.81
6,1931,23814,6.81
7,1931,23814,6.81
71,1863,10861,8.13
72,1863,10861,8.13
73,1863,10861,8.13
74,1863,10861,8.13
75,1863,10861,8.13
71,1864,10732,7.97
72,1864,10732,7.97
73,1864,10732,7.97
74,1864,10732,7.97
75,1864,10732,7.97
71,1865,13222,9.74
72,1865,13222,9.74
73,1865,13222,9.74
74,1865,13222,9.74
75,1865,13222,9.74
71,1866,10479,7.66
72,1866,10479,7.66
73,1866,10479,7.66
74,1866,10479,7.66
75,1866,10479,7.66
71,1867,11372,8.25
72,1867,11372,8.25
73,1867,11372,8.25
74,1867,11372,8.25
75,1867,11372,8.25
71,1868,12772,9.19
72,1868,12772,9.19
73,1868,12772,9.19
74,1868,12772,9.19
75,1868,12772,9.19
71,1869,13878,9.91
72,1869,13878,9.91
73,1869,13878,9.91
74,1869,13878,9.91
75,1869,13878,9.91
71,1870,10422,7.39
72,1870,10422,7.39
73,1870,10422,7.39
74,1870,10422,7.39
75,1870,10422,7.39
71,1871,11656,8.2
72,1871,11656,8.2
73,1871,11656,8.2
74,1871,11656,8.2
75,1871,11656,8.2
71,1872,12405,8.63
72,1872,12405,8.63
73,1872,12405,8.63
74,1872,12405,8.63
75,1872,12405,8.63
71,1873,12693,8.73
72,1873,12693,8.73
73,1873,12693,8.73
74,1873,12693,8.73
75,1873,12693,8.73
71,1874,11224,7.63
72,1874,11224,7.63
73,1874,11224,7.63
74,1874,11224,7.63
75,1874,11224,7.63
71,1875,14145,9.5
72,1875,14145,9.5
73,1875,14145,9.5
74,1875,14145,9.5
75,1875,14145,9.5
71,1876,13507,8.97
72,1876,13507,8.97
73,1876,13507,8.97
74,1876,13507,8.97
75,1876,13507,8.97
71,1877,14206,9.34
72,1877,14206,9.34
73,1877,14206,9.34
74,1877,14206,9.34
75,1877,14206,9.34
71,1878,12086,7.85
72,1878,12086,7.85
73,1878,12086,7.85
74,1878,12086,7.85
75,1878,12086,7.85
71,1879,14547,9.36
72,1879,14547,9.36
73,1879,14547,9.36
74,1879,14547,9.36
75,1879,14547,9.36
71,1880,12480,7.94
72,1880,12480,7.94
73,1880,12480,7.94
74,1880,12480,7.94
75,1880,12480,7.94
71,1881,16202,10.19
72,1881,16202,10.19
73,1881,16202,10.19
74,1881,16202,10.19
75,1881,16202,10.19
71,1882,8188,8.89
72,1882,8188,8.89
73,1882,8188,8.89
74,1882,8188,8.89
75,1882,8188,8.89
71,1883,11800,7.26
72,1883,11800,7.26
73,1883,11800,7.26
74,1883,11800,7.26
75,1883,11800,7.26
71,1885,9303,8.63
72,1885,9303,8.63
73,1885,9303,8.63
74,1885,9303,8.63
75,1885,9303,8.63
71,1887,1947,1.15
72,1887,1947,1.15
73,1887,1947,1.15
74,1887,1947,1.15
75,1887,1947,1.15
71,1890,7538,6.66
72,1890,7538,6.66
73,1890,7538,6.66
74,1890,7538,6.66
75,1890,7538,6.66
71,1891,14077,7.94
72,1891,14077,7.94
73,1891,14077,7.94
74,1891,14077,7.94
75,1891,14077,7.94
71,1894,14373,7.86
72,1894,14373,7.86
73,1894,14373,7.86
74,1894,14373,7.86
75,1894,14373,7.86
71,1897,37322,19.82
72,1897,37322,19.82
73,1897,37322,19.82
74,1897,37322,19.82
75,1897,37322,19.82
71,1898,26388,13.88
72,1898,26388,13.88
73,1898,26388,13.88
74,1898,26388,13.88
75,1898,26388,13.88
71,1900,3873,3.12
72,1900,3873,3.12
73,1900,3873,3.12
74,1900,3873,3.12
75,1900,3873,3.12
71,1901,11945,6.11
72,1901,11945,6.11
73,1901,11945,6.11
74,1901,11945,6.11
75,1901,11945,6.11
71,1911,16941,7.96
72,1911,16941,7.96
73,1911,16941,7.96
74,1911,16941,7.96
75,1911,16941,7.96
71,1921,24647,10.82
72,1921,24647,10.82
73,1921,24647,10.82
74,1921,24647,10.82
75,1921,24647,10.82
71,1931,16694,6.72
72,1931,16694,6.72
73,1931,16694,6.72
74,1931,16694,6.72
75,1931,16694,6.72
90,1863,5228,8.75
91,1863,5228,8.75
92,1863,5228,8.75
90,1864,5461,9.06
91,1864,5461,9.06
92,1864,5461,9.06
90,1865,6331,10.42
91,1865,6331,10.42
92,1865,6331,10.42
90,1866,2222,3.63
91,1866,2222,3.63
92,1866,2222,3.63
90,1867,3197,5.18
91,1867,3197,5.18
92,1867,3197,5.18
90,1868,3387,5.45
91,1868,3387,5.45
92,1868,3387,5.45
90,1869,4137,6.6
91,1869,4137,6.6
92,1869,4137,6.6
90,1870,4236,6.71
91,1870,4236,6.71
92,1870,4236,6.71
90,1871,4064,6.38
91,1871,4064,6.38
92,1871,4064,6.38
90,1872,4401,6.87
91,1872,4401,6.87
92,1872,4401,6.87
90,1873,4807,7.45
91,1873,4807,7.45
92,1873,4807,7.45
90,1874,5523,8.49
91,1874,5523,8.49
92,1874,5523,8.49
90,1875,5218,7.97
91,1875,5218,7.97
92,1875,5218,7.97
90,1876,4525,6.86
91,1876,4525,6.86
92,1876,4525,6.86
90,1877,4458,6.72
91,1877,4458,6.72
92,1877,4458,6.72
90,1878,4395,6.58
91,1878,4395,6.58
92,1878,4395,6.58
90,1879,4640,6.89
91,1879,4640,6.89
92,1879,4640,6.89
90,1880,4784,7.06
91,1880,4784,7.06
92,1880,4784,7.06
90,1881,4993,7.33
91,1881,4993,7.33
92,1881,4993,7.33
90,1882,5026,7.32
91,1882,5026,7.32
92,1882,5026,7.32
90,1883,4296,6.2
91,1883,4296,6.2
92,1883,4296,6.2
90,1885,3256,7.52
91,1885,3256,7.52
92,1885,3256,7.52
90,1887,528,0.74
91,1887,528,0.74
92,1887,528,0.74
90,1890,5436,7.44
91,1890,5436,7.44
92,1890,5436,7.44
90,1891,5413,7.35
91,1891,5413,7.35
92,1891,5413,7.35
90,1894,5320,7.07
91,1894,5320,7.07
92,1894,5320,7.07
90,1898,8954,11.56
91,1898,8954,11.56
92,1898,8954,11.56
90,1900,7624,9.71
91,1900,7624,9.71
92,1900,7624,9.71
90,1901,5676,7.18
91,1901,5676,7.18
92,1901,5676,7.18
90,1911,5895,6.93
91,1911,5895,6.93
92,1911,5895,6.93
90,1921,8558,9.99
91,1921,8558,9.99
92,1921,8558,9.99
90,1931,5600,5.76
91,1931,5600,5.76
92,1931,5600,5.76
81,1863,15398,6.61
82,1863,15398,6.61
83,1863,15398,6.61
84,1863,15398,6.61
85,1863,15398,6.61
86,1863,15398,6.61
87,1863,15398,6.61
88,1863,15398,6.61
89,1863,15398,6.61
81,1864,17272,7.32
82,1864,17272,7.32
83,1864,17272,7.32
84,1864,17272,7.32
85,1864,17272,7.32
86,1864,17272,7.32
87,1864,17272,7.32
88,1864,17272,7.32
89,1864,17272,7.32
81,1865,17771,7.44
82,1865,17771,7.44
83,1865,17771,7.44
84,1865,17771,7.44
85,1865,17771,7.44
86,1865,17771,7.44
87,1865,17771,7.44
88,1865,17771,7.44
89,1865,17771,7.44
81,1866,8954,3.7
82,1866,8954,3.7
83,1866,8954,3.7
84,1866,8954,3.7
85,1866,8954,3.7
86,1866,8954,3.7
87,1866,8954,3.7
88,1866,8954,3.7
89,1866,8954,3.7
81,1867,11216,4.58
82,1867,11216,4.58
83,1867,11216,4.58
84,1867,11216,4.58
85,1867,11216,4.58
86,1867,11216,4.58
87,1867,11216,4.58
88,1867,11216,4.58
89,1867,11216,4.58
81,1868,16057,6.48
82,1868,16057,6.48
83,1868,16057,6.48
84,1868,16057,6.48
85,1868,16057,6.48
86,1868,16057,6.48
87,1868,16057,6.48
88,1868,16057,6.48
89,1868,16057,6.48
81,1869,22461,8.96
82,1869,22461,8.96
83,1869,22461,8.96
84,1869,22461,8.96
85,1869,22461,8.96
86,1869,22461,8.96
87,1869,22461,8.96
88,1869,22461,8.96
89,1869,22461,8.96
81,1870,19942,7.86
82,1870,19942,7.86
83,1870,19942,7.86
84,1870,19942,7.86
85,1870,19942,7.86
86,1870,19942,7.86
87,1870,19942,7.86
88,1870,19942,7.86
89,1870,19942,7.86
81,1871,21697,8.45
82,1871,21697,8.45
83,1871,21697,8.45
84,1871,21697,8.45
85,1871,21697,8.45
86,1871,21697,8.45
87,1871,21697,8.45
88,1871,21697,8.45
89,1871,21697,8.45
81,1872,22607,8.68
82,1872,22607,8.68
83,1872,22607,8.68
84,1872,22607,8.68
85,1872,22607,8.68
86,1872,22607,8.68
87,1872,22607,8.68
88,1872,22607,8.68
89,1872,22607,8.68
81,1873,23309,8.83
82,1873,23309,8.83
83,1873,23309,8.83
84,1873,23309,8.83
85,1873,23309,8.83
86,1873,23309,8.83
87,1873,23309,8.83
88,1873,23309,8.83
89,1873,23309,8.83
81,1874,21075,7.88
82,1874,21075,7.88
83,1874,21075,7.88
84,1874,21075,7.88
85,1874,21075,7.88
86,1874,21075,7.88
87,1874,21075,7.88
88,1874,21075,7.88
89,1874,21075,7.88
81,1875,22595,8.33
82,1875,22595,8.33
83,1875,22595,8.33
84,1875,22595,8.33
85,1875,22595,8.33
86,1875,22595,8.33
87,1875,22595,8.33
88,1875,22595,8.33
89,1875,22595,8.33
81,1876,22065,8.03
82,1876,22065,8.03
83,1876,22065,8.03
84,1876,22065,8.03
85,1876,22065,8.03
86,1876,22065,8.03
87,1876,22065,8.03
88,1876,22065,8.03
89,1876,22065,8.03
81,1877,22191,7.97
82,1877,22191,7.97
83,1877,22191,7.97
84,1877,22191,7.97
85,1877,22191,7.97
86,1877,22191,7.97
87,1877,22191,7.97
88,1877,22191,7.97
89,1877,22191,7.97
81,1878,21015,7.45
82,1878,21015,7.45
83,1878,21015,7.45
84,1878,21015,7.45
85,1878,21015,7.45
86,1878,21015,7.45
87,1878,21015,7.45
88,1878,21015,7.45
89,1878,21015,7.45
81,1879,21510,7.53
82,1879,21510,7.53
83,1879,21510,7.53
84,1879,21510,7.53
85,1879,21510,7.53
86,1879,21510,7.53
87,1879,21510,7.53
88,1879,21510,7.53
89,1879,21510,7.53
81,1880,20415,7.06
82,1880,20415,7.06
83,1880,20415,7.06
84,1880,20415,7.06
85,1880,20415,7.06
86,1880,20415,7.06
87,1880,20415,7.06
88,1880,20415,7.06
89,1880,20415,7.06
81,1881,26088,8.91
82,1881,26088,8.91
83,1881,26088,8.91
84,1881,26088,8.91
85,1881,26088,8.91
86,1881,26088,8.91
87,1881,26088,8.91
88,1881,26088,8.91
89,1881,26088,8.91
81,1882,17913,7.8
82,1882,17913,7.8
83,1882,17913,7.8
84,1882,17913,7.8
85,1882,17913,7.8
86,1882,17913,7.8
87,1882,17913,7.8
88,1882,17913,7.8
89,1882,17913,7.8
81,1883,19915,6.67
82,1883,19915,6.67
83,1883,19915,6.67
84,1883,19915,6.67
85,1883,19915,6.67
86,1883,19915,6.67
87,1883,19915,6.67
88,1883,19915,6.67
89,1883,19915,6.67
81,1885,22853,8.39
82,1885,22853,8.39
83,1885,22853,8.39
84,1885,22853,8.39
85,1885,22853,8.39
86,1885,22853,8.39
87,1885,22853,8.39
88,1885,22853,8.39
89,1885,22853,8.39
81,1887,2586,0.83
82,1887,2586,0.83
83,1887,2586,0.83
84,1887,2586,0.83
85,1887,2586,0.83
86,1887,2586,0.83
87,1887,2586,0.83
88,1887,2586,0.83
89,1887,2586,0.83
81,1890,23351,7.31
82,1890,23351,7.31
83,1890,23351,7.31
84,1890,23351,7.31
85,1890,23351,7.31
86,1890,23351,7.31
87,1890,23351,7.31
88,1890,23351,7.31
89,1890,23351,7.31
81,1891,24910,7.72
82,1891,24910,7.72
83,1891,24910,7.72
84,1891,24910,7.72
85,1891,24910,7.72
86,1891,24910,7.72
87,1891,24910,7.72
88,1891,24910,7.72
89,1891,24910,7.72
81,1894,22748,6.86
82,1894,22748,6.86
83,1894,22748,6.86
84,1894,22748,6.86
85,1894,22748,6.86
86,1894,22748,6.86
87,1894,22748,6.86
88,1894,22748,6.86
89,1894,22748,6.86
81,1897,58,0.18
82,1897,58,0.18
83,1897,58,0.18
84,1897,58,0.18
85,1897,58,0.18
86,1897,58,0.18
87,1897,58,0.18
88,1897,58,0.18
89,1897,58,0.18
81,1898,41332,12.03
82,1898,41332,12.03
83,1898,41332,12.03
84,1898,41332,12.03
85,1898,41332,12.03
86,1898,41332,12.03
87,1898,41332,12.03
88,1898,41332,12.03
89,1898,41332,12.03
81,1900,21789,8.03
82,1900,21789,8.03
83,1900,21789,8.03
84,1900,21789,8.03
85,1900,21789,8.03
86,1900,21789,8.03
87,1900,21789,8.03
88,1900,21789,8.03
89,1900,21789,8.03
81,1901,26650,7.56
82,1901,26650,7.56
83,1901,26650,7.56
84,1901,26650,7.56
85,1901,26650,7.56
86,1901,26650,7.56
87,1901,26650,7.56
88,1901,26650,7.56
89,1901,26650,7.56
81,1911,27986,7.7
82,1911,27986,7.7
83,1911,27986,7.7
84,1911,27986,7.7
85,1911,27986,7.7
86,1911,27986,7.7
87,1911,27986,7.7
88,1911,27986,7.7
89,1911,27986,7.7
81,1921,39263,9.76
82,1921,39263,9.76
83,1921,39263,9.76
84,1921,39263,9.76
85,1921,39263,9.76
86,1921,39263,9.76
87,1921,39263,9.76
88,1921,39263,9.76
89,1921,39263,9.76
81,1931,25308,6.5
82,1931,25308,6.5
83,1931,25308,6.5
84,1931,25308,6.5
85,1931,25308,6.5
86,1931,25308,6.5
87,1931,25308,6.5
88,1931,25308,6.5
89,1931,25308,6.5
45,1863,17970,8.98
46,1863,17970,8.98
47,1863,17970,8.98
48,1863,17970,8.98
49,1863,17970,8.98
50,1863,17970,8.98
51,1863,17970,8.98
52,1863,17970,8.98
53,1863,17970,8.98
45,1864,16298,8.07
46,1864,16298,8.07
47,1864,16298,8.07
48,1864,16298,8.07
49,1864,16298,8.07
50,1864,16298,8.07
51,1864,16298,8.07
52,1864,16298,8.07
53,1864,16298,8.07
45,1865,20035,9.84
46,1865,20035,9.84
47,1865,20035,9.84
48,1865,20035,9.84
49,1865,20035,9.84
50,1865,20035,9.84
51,1865,20035,9.84
52,1865,20035,9.84
53,1865,20035,9.84
45,1866,9435,4.59
46,1866,9435,4.59
47,1866,9435,4.59
48,1866,9435,4.59
49,1866,9435,4.59
50,1866,9435,4.59
51,1866,9435,4.59
52,1866,9435,4.59
53,1866,9435,4.59
45,1867,11832,5.71
46,1867,11832,5.71
47,1867,11832,5.71
48,1867,11832,5.71
49,1867,11832,5.71
50,1867,11832,5.71
51,1867,11832,5.71
52,1867,11832,5.71
53,1867,11832,5.71
45,1868,12327,5.9
46,1868,12327,5.9
47,1868,12327,5.9
48,1868,12327,5.9
49,1868,12327,5.9
50,1868,12327,5.9
51,1868,12327,5.9
52,1868,12327,5.9
53,1868,12327,5.9
45,1869,13797,6.55
46,1869,13797,6.55
47,1869,13797,6.55
48,1869,13797,6.55
49,1869,13797,6.55
50,1869,13797,6.55
51,1869,13797,6.55
52,1869,13797,6.55
53,1869,13797,6.55
45,1870,13917,6.55
46,1870,13917,6.55
47,1870,13917,6.55
48,1870,13917,6.55
49,1870,13917,6.55
50,1870,13917,6.55
51,1870,13917,6.55
52,1870,13917,6.55
53,1870,13917,6.55
45,1871,14350,6.7
46,1871,14350,6.7
47,1871,14350,6.7
48,1871,14350,6.7
49,1871,14350,6.7
50,1871,14350,6.7
51,1871,14350,6.7
52,1871,14350,6.7
53,1871,14350,6.7
45,1872,14662,6.83
46,1872,14662,6.83
47,1872,14662,6.83
48,1872,14662,6.83
49,1872,14662,6.83
50,1872,14662,6.83
51,1872,14662,6.83
52,1872,14662,6.83
53,1872,14662,6.83
45,1873,15311,7.11
46,1873,15311,7.11
47,1873,15311,7.11
48,1873,15311,7.11
49,1873,15311,7.11
50,1873,15311,7.11
51,1873,15311,7.11
52,1873,15311,7.11
53,1873,15311,7.11
45,1874,15464,7.15
46,1874,15464,7.15
47,1874,15464,7.15
48,1874,15464,7.15
49,1874,15464,7.15
50,1874,15464,7.15
51,1874,15464,7.15
52,1874,15464,7.15
53,1874,15464,7.15
45,1875,17399,8.03
46,1875,17399,8.03
47,1875,17399,8.03
48,1875,17399,8.03
49,1875,17399,8.03
50,1875,17399,8.03
51,1875,17399,8.03
52,1875,17399,8.03
53,1875,17399,8.03
45,1876,17849,8.21
46,1876,17849,8.21
47,1876,17849,8.21
48,1876,17849,8.21
49,1876,17849,8.21
50,1876,17849,8.21
51,1876,17849,8.21
52,1876,17849,8.21
53,1876,17849,8.21
45,1877,15552,7.13
46,1877,15552,7.13
47,1877,15552,7.13
48,1877,15552,7.13
49,1877,15552,7.13
50,1877,15552,7.13
51,1877,15552,7.13
52,1877,15552,7.13
53,1877,15552,7.13
45,1878,13721,6.27
46,1878,13721,6.27
47,1878,13721,6.27
48,1878,13721,6.27
49,1878,13721,6.27
50,1878,13721,6.27
51,1878,13721,6.27
52,1878,13721,6.27
53,1878,13721,6.27
45,1879,15658,7.13
46,1879,15658,7.13
47,1879,15658,7.13
48,1879,15658,7.13
49,1879,15658,7.13
50,1879,15658,7.13
51,1879,15658,7.13
52,1879,15658,7.13
53,1879,15658,7.13
45,1880,14415,6.55
46,1880,14415,6.55
47,1880,14415,6.55
48,1880,14415,6.55
49,1880,14415,6.55
50,1880,14415,6.55
51,1880,14415,6.55
52,1880,14415,6.55
53,1880,14415,6.55
45,1881,17055,7.72
46,1881,17055,7.72
47,1881,17055,7.72
48,1881,17055,7.72
49,1881,17055,7.72
50,1881,17055,7.72
51,1881,17055,7.72
52,1881,17055,7.72
53,1881,17055,7.72
45,1882,15382,7.62
46,1882,15382,7.62
47,1882,15382,7.62
48,1882,15382,7.62
49,1882,15382,7.62
50,1882,15382,7.62
51,1882,15382,7.62
52,1882,15382,7.62
53,1882,15382,7.62
45,1883,6868,3.07
46,1883,6868,3.07
47,1883,6868,3.07
48,1883,6868,3.07
49,1883,6868,3.07
50,1883,6868,3.07
51,1883,6868,3.07
52,1883,6868,3.07
53,1883,6868,3.07
45,1885,16410,8.27
46,1885,16410,8.27
47,1885,16410,8.27
48,1885,16410,8.27
49,1885,16410,8.27
50,1885,16410,8.27
51,1885,16410,8.27
52,1885,16410,8.27
53,1885,16410,8.27
45,1887,282453,143.15
46,1887,282453,143.15
47,1887,282453,143.15
48,1887,282453,143.15
49,1887,282453,143.15
50,1887,282453,143.15
51,1887,282453,143.15
52,1887,282453,143.15
53,1887,282453,143.15
45,1890,17781,7.53
46,1890,17781,7.53
47,1890,17781,7.53
48,1890,17781,7.53
49,1890,17781,7.53
50,1890,17781,7.53
51,1890,17781,7.53
52,1890,17781,7.53
53,1890,17781,7.53
45,1891,17833,7.5
46,1891,17833,7.5
47,1891,17833,7.5
48,1891,17833,7.5
49,1891,17833,7.5
50,1891,17833,7.5
51,1891,17833,7.5
52,1891,17833,7.5
53,1891,17833,7.5
45,1894,18459,7.6
46,1894,18459,7.6
47,1894,18459,7.6
48,1894,18459,7.6
49,1894,18459,7.6
50,1894,18459,7.6
51,1894,18459,7.6
52,1894,18459,7.6
53,1894,18459,7.6
45,1897,38336,15.46
46,1897,38336,15.46
47,1897,38336,15.46
48,1897,38336,15.46
49,1897,38336,15.46
50,1897,38336,15.46
51,1897,38336,15.46
52,1897,38336,15.46
53,1897,38336,15.46
45,1898,26526,10.63
46,1898,26526,10.63
47,1898,26526,10.63
48,1898,26526,10.63
49,1898,26526,10.63
50,1898,26526,10.63
51,1898,26526,10.63
52,1898,26526,10.63
53,1898,26526,10.63
45,1900,184,0.79
46,1900,184,0.79
47,1900,184,0.79
48,1900,184,0.79
49,1900,184,0.79
50,1900,184,0.79
51,1900,184,0.79
52,1900,184,0.79
53,1900,184,0.79
45,1901,18522,7.27
46,1901,18522,7.27
47,1901,18522,7.27
48,1901,18522,7.27
49,1901,18522,7.27
50,1901,18522,7.27
51,1901,18522,7.27
52,1901,18522,7.27
53,1901,18522,7.27
45,1911,21129,7.85
46,1911,21129,7.85
47,1911,21129,7.85
48,1911,21129,7.85
49,1911,21129,7.85
50,1911,21129,7.85
51,1911,21129,7.85
52,1911,21129,7.85
53,1911,21129,7.85
45,1921,35705,12.69
46,1921,35705,12.69
47,1921,35705,12.69
48,1921,35705,12.69
49,1921,35705,12.69
50,1921,35705,12.69
51,1921,35705,12.69
52,1921,35705,12.69
53,1921,35705,12.69
45,1931,20575,7.12
46,1931,20575,7.12
47,1931,20575,7.12
48,1931,20575,7.12
49,1931,20575,7.12
50,1931,20575,7.12
51,1931,20575,7.12
52,1931,20575,7.12
53,1931,20575,7.12
54,1863,3295,6.34
55,1863,3295,6.34
54,1864,3674,7.02
55,1864,3674,7.02
54,1865,3650,6.93
55,1865,3650,6.93
54,1866,2676,5.04
55,1866,2676,5.04
54,1867,2655,4.97
55,1867,2655,4.97
54,1868,2592,4.82
55,1868,2592,4.82
54,1869,2974,5.49
55,1869,2974,5.49
54,1870,2670,4.89
55,1870,2670,4.89
54,1871,2671,4.86
55,1871,2671,4.86
54,1872,2959,5.36
55,1872,2959,5.36
54,1873,3171,5.72
55,1873,3171,5.72
54,1874,3098,5.57
55,1874,3098,5.57
54,1875,4168,7.46
55,1875,4168,7.46
54,1876,4002,7.14
55,1876,4002,7.14
54,1877,3262,5.79
55,1877,3262,5.79
54,1878,3063,5.42
55,1878,3063,5.42
54,1879,3893,6.86
55,1879,3893,6.86
54,1880,3193,5.6
55,1880,3193,5.6
54,1881,4169,7.29
55,1881,4169,7.29
54,1882,3974,6.89
55,1882,3974,6.89
54,1883,3570,6.14
55,1883,3570,6.14
54,1885,4540,7.68
55,1885,4540,7.68
54,1887,708,1.18
55,1887,708,1.18
54,1890,4599,7.48
55,1890,4599,7.48
54,1891,4385,7.08
55,1891,4385,7.08
54,1894,5039,7.95
55,1894,5039,7.95
54,1900,436,0.66
55,1900,436,0.66
54,1901,4685,7.02
55,1901,4685,7.02
54,1911,5544,8.11
55,1911,5544,8.11
54,1921,9571,13.04
55,1921,9571,13.04
54,1931,5016,7.23
55,1931,5016,7.23
23,1863,20550,7.78
24,1863,20550,7.78
25,1863,20550,7.78
26,1863,20550,7.78
27,1863,20550,7.78
28,1863,20550,7.78
29,1863,20550,7.78
30,1863,20550,7.78
23,1864,19947,7.55
24,1864,19947,7.55
25,1864,19947,7.55
26,1864,19947,7.55
27,1864,19947,7.55
28,1864,19947,7.55
29,1864,19947,7.55
30,1864,19947,7.55
23,1865,20455,7.74
24,1865,20455,7.74
25,1865,20455,7.74
26,1865,20455,7.74
27,1865,20455,7.74
28,1865,20455,7.74
29,1865,20455,7.74
30,1865,20455,7.74
23,1866,19887,7.53
24,1866,19887,7.53
25,1866,19887,7.53
26,1866,19887,7.53
27,1866,19887,7.53
28,1866,19887,7.53
29,1866,19887,7.53
30,1866,19887,7.53
23,1867,23109,8.75
24,1867,23109,8.75
25,1867,23109,8.75
26,1867,23109,8.75
27,1867,23109,8.75
28,1867,23109,8.75
29,1867,23109,8.75
30,1867,23109,8.75
23,1868,22324,8.45
24,1868,22324,8.45
25,1868,22324,8.45
26,1868,22324,8.45
27,1868,22324,8.45
28,1868,22324,8.45
29,1868,22324,8.45
30,1868,22324,8.45
23,1869,22177,8.4
24,1869,22177,8.4
25,1869,22177,8.4
26,1869,22177,8.4
27,1869,22177,8.4
28,1869,22177,8.4
29,1869,22177,8.4
30,1869,22177,8.4
23,1870,20919,7.92
24,1870,20919,7.92
25,1870,20919,7.92
26,1870,20919,7.92
27,1870,20919,7.92
28,1870,20919,7.92
29,1870,20919,7.92
30,1870,20919,7.92
23,1871,20262,7.67
24,1871,20262,7.67
25,1871,20262,7.67
26,1871,20262,7.67
27,1871,20262,7.67
28,1871,20262,7.67
29,1871,20262,7.67
30,1871,20262,7.67
23,1872,19184,7.22
24,1872,19184,7.22
25,1872,19184,7.22
26,1872,19184,7.22
27,1872,19184,7.22
28,1872,19184,7.22
29,1872,19184,7.22
30,1872,19184,7.22
23,1873,20792,7.77
24,1873,20792,7.77
25,1873,20792,7.77
26,1873,20792,7.77
27,1873,20792,7.77
28,1873,20792,7.77
29,1873,20792,7.77
30,1873,20792,7.77
23,1874,20276,7.53
24,1874,20276,7.53
25,1874,20276,7.53
26,1874,20276,7.53
27,1874,20276,7.53
28,1874,20276,7.53
29,1874,20276,7.53
30,1874,20276,7.53
23,1875,22717,8.38
24,1875,22717,8.38
25,1875,22717,8.38
26,1875,22717,8.38
27,1875,22717,8.38
28,1875,22717,8.38
29,1875,22717,8.38
30,1875,22717,8.38
23,1876,20065,7.36
24,1876,20065,7.36
25,1876,20065,7.36
26,1876,20065,7.36
27,1876,20065,7.36
28,1876,20065,7.36
29,1876,20065,7.36
30,1876,20065,7.36
23,1877,18786,6.84
24,1877,18786,6.84
25,1877,18786,6.84
26,1877,18786,6.84
27,1877,18786,6.84
28,1877,18786,6.84
29,1877,18786,6.84
30,1877,18786,6.84
23,1878,18023,6.53
24,1878,18023,6.53
25,1878,18023,6.53
26,1878,18023,6.53
27,1878,18023,6.53
28,1878,18023,6.53
29,1878,18023,6.53
30,1878,18023,6.53
23,1879,18454,6.64
24,1879,18454,6.64
25,1879,18454,6.64
26,1879,18454,6.64
27,1879,18454,6.64
28,1879,18454,6.64
29,1879,18454,6.64
30,1879,18454,6.64
23,1880,16556,5.92
24,1880,16556,5.92
25,1880,16556,5.92
26,1880,16556,5.92
27,1880,16556,5.92
28,1880,16556,5.92
29,1880,16556,5.92
30,1880,16556,5.92
23,1881,18400,6.54
24,1881,18400,6.54
25,1881,18400,6.54
26,1881,18400,6.54
27,1881,18400,6.54
28,1881,18400,6.54
29,1881,18400,6.54
30,1881,18400,6.54
23,1882,12100,6.66
24,1882,12100,6.66
25,1882,12100,6.66
26,1882,12100,6.66
27,1882,12100,6.66
28,1882,12100,6.66
29,1882,12100,6.66
30,1882,12100,6.66
23,1883,16121,5.66
24,1883,16121,5.66
25,1883,16121,5.66
26,1883,16121,5.66
27,1883,16121,5.66
28,1883,16121,5.66
29,1883,16121,5.66
30,1883,16121,5.66
23,1885,21914,7.61
24,1885,21914,7.61
25,1885,21914,7.61
26,1885,21914,7.61
27,1885,21914,7.61
28,1885,21914,7.61
29,1885,21914,7.61
30,1885,21914,7.61
23,1887,3402,1.89
24,1887,3402,1.89
25,1887,3402,1.89
26,1887,3402,1.89
27,1887,3402,1.89
28,1887,3402,1.89
29,1887,3402,1.89
30,1887,3402,1.89
23,1890,21417,7.24
24,1890,21417,7.24
25,1890,21417,7.24
26,1890,21417,7.24
27,1890,21417,7.24
28,1890,21417,7.24
29,1890,21417,7.24
30,1890,21417,7.24
23,1891,21876,7.36
24,1891,21876,7.36
25,1891,21876,7.36
26,1891,21876,7.36
27,1891,21876,7.36
28,1891,21876,7.36
29,1891,21876,7.36
30,1891,21876,7.36
23,1894,21853,7.23
24,1894,21853,7.23
25,1894,21853,7.23
26,1894,21853,7.23
27,1894,21853,7.23
28,1894,21853,7.23
29,1894,21853,7.23
30,1894,21853,7.23
23,1897,25621,8.9
24,1897,25621,8.9
25,1897,25621,8.9
26,1897,25621,8.9
27,1897,25621,8.9
28,1897,25621,8.9
29,1897,25621,8.9
30,1897,25621,8.9
23,1898,28595,9.27
24,1898,28595,9.27
25,1898,28595,9.27
26,1898,28595,9.27
27,1898,28595,9.27
28,1898,28595,9.27
29,1898,28595,9.27
30,1898,28595,9.27
23,1900,22302,7.16
24,1900,22302,7.16
25,1900,22302,7.16
26,1900,22302,7.16
27,1900,22302,7.16
28,1900,22302,7.16
29,1900,22302,7.16
30,1900,22302,7.16
23,1901,22743,7.26
24,1901,22743,7.26
25,1901,22743,7.26
26,1901,22743,7.26
27,1901,22743,7.26
28,1901,22743,7.26
29,1901,22743,7.26
30,1901,22743,7.26
23,1911,26041,7.39
24,1911,26041,7.39
25,1911,26041,7.39
26,1911,26041,7.39
27,1911,26041,7.39
28,1911,26041,7.39
29,1911,26041,7.39
30,1911,26041,7.39
23,1921,47642,12.07
24,1921,47642,12.07
25,1921,47642,12.07
26,1921,47642,12.07
27,1921,47642,12.07
28,1921,47642,12.07
29,1921,47642,12.07
30,1921,47642,12.07
23,1931,27246,6.61
24,1931,27246,6.61
25,1931,27246,6.61
26,1931,27246,6.61
27,1931,27246,6.61
28,1931,27246,6.61
29,1931,27246,6.61
30,1931,27246,6.61
21,1931,3553,5.38
22,1931,3553,5.38
