COD_PROV,DEN_PROV,year,marriages,nuptiality
1,Torino,1863,7986,12.39
3,Novara,1863,4880,14.8
4,Cuneo,1863,5218,15.71
6,Alessandria,1863,5947,19.58
8,Porto Maurizio,1863,1115,5.38
10,Genova,1863,6269,19.67
13,Como,1863,3346,5.45
14,Sondrio,1863,864,3.21
15,Milano,1863,7587,12.73
16,Bergamo,1863,2794,7.33
17,Brescia,1863,4187,10.66
18,Pavia,1863,3807,8.95
19,Cremona,1863,3112,9.34
20,Mantova,1863,1539,5.34
23,Verona,1863,2816,7.67
24,Vicenza,1863,3054,8.42
25,Belluno,1863,1304,7.44
26,Treviso,1863,2723,7.73
27,Venezia,1863,2491,7.38
28,Padova,1863,2961,8.13
29,Rovigo,1863,1736,8.65
30,Udine,1863,3465,7.2
33,Piacenza,1863,1671,7.6
34,Parma,1863,1943,7.35
35,Reggio nell'Emilia,1863,1773,7.63
36,Modena,1863,1969,7.2
37,Bologna,1863,3086,7.46
38,Ferrara,1863,1590,7.83
39,Ravenna,1863,1470,6.65
40,Forlì,1863,1585,6.99
41,Pesaro e Urbino,1863,1370,6.7
42,Ancona,1863,1900,7.41
43,Macerata,1863,1592,6.72
44,Ascoli Piceno,1863,1316,6.67
45,Massa e Carrara,1863,1223,8.46
46,Lucca,1863,2246,8.6
48,Firenze,1863,6829,9.61
49,Livorno,1863,1064,9.08
50,Pisa,1863,2129,8.6
51,Arezzo,1863,1904,8.11
52,Siena,1863,1724,7.62
53,Grosseto,1863,851,8.36
54,Umbria,1863,3295,6.34
61,Caserta,1863,5982,8.58
62,Benevento,1863,2135,9.58
63,Napoli,1863,6922,7.9
64,Avellino,1863,3371,8.94
65,Salerno,1863,4502,8.48
66,Aquila degli Abruzzi,1863,2676,8.51
67,Teramo,1863,1960,6.89
69,Chieti,1863,3162,9.59
70,Campobasso,1863,3472,9.98
71,Foggia,1863,2839,8.22
72,Bari delle Puglie,1863,4374,7.74
75,Lecce,1863,3648,7.99
76,Potenza,1863,4940,9.68
78,Cosenza,1863,3732,8.61
79,Catanzaro,1863,3147,8.06
80,Reggio di Calabria,1863,2386,7.11
81,Trapani,1863,1489,6.79
82,Palermo,1863,3720,6.02
83,Messina,1863,2624,6.6
84,Girgenti,1863,1647,5.72
85,Caltanissetta,1863,1460,7.37
87,Catania,1863,2909,6.34
89,Siracusa,1863,1549,5.81
90,Sassari,1863,2091,9.44
92,Cagliari,1863,3137,8.34
1,Torino,1864,7896,11.52
3,Novara,1864,5090,13.88
4,Cuneo,1864,5172,14.06
6,Alessandria,1864,5991,17.06
8,Porto Maurizio,1864,1164,5.9
10,Genova,1864,6147,16.69
13,Como,1864,3348,5.61
14,Sondrio,1864,855,3.43
15,Milano,1864,7367,11.37
16,Bergamo,1864,2752,7.25
17,Brescia,1864,4137,10.33
18,Pavia,1864,3910,9.13
19,Cremona,1864,2904,8.83
20,Mantova,1864,1430,4.97
23,Verona,1864,2896,7.88
24,Vicenza,1864,2989,8.24
25,Belluno,1864,1281,7.31
26,Treviso,1864,2755,7.82
27,Venezia,1864,2493,7.39
28,Padova,1864,2811,7.71
29,Rovigo,1864,1488,7.42
30,Udine,1864,3234,6.72
33,Piacenza,1864,1442,6.53
34,Parma,1864,1827,6.91
35,Reggio nell'Emilia,1864,1809,7.75
36,Modena,1864,2164,7.91
37,Bologna,1864,2987,7.17
38,Ferrara,1864,1655,8.09
39,Ravenna,1864,1447,6.55
40,Forlì,1864,1573,6.9
41,Pesaro e Urbino,1864,1426,6.93
42,Ancona,1864,2048,7.96
43,Macerata,1864,1540,6.5
44,Ascoli Piceno,1864,1270,6.41
45,Massa e Carrara,1864,1160,7.91
46,Lucca,1864,2097,7.96
48,Firenze,1864,6069,8.46
49,Livorno,1864,1013,8.63
50,Pisa,1864,1801,7.21
51,Arezzo,1864,1769,7.54
52,Siena,1864,1588,7.1
53,Grosseto,1864,801,7.82
54,Umbria,1864,3674,7.02
61,Caserta,1864,5312,7.62
62,Benevento,1864,1890,8.44
63,Napoli,1864,6888,7.83
64,Avellino,1864,3196,8.47
65,Salerno,1864,3470,6.52
66,Aquila degli Abruzzi,1864,2719,8.59
67,Teramo,1864,1700,6.08
69,Chieti,1864,2857,8.63
70,Campobasso,1864,3118,8.94
71,Foggia,1864,2813,8.21
72,Bari delle Puglie,1864,4311,7.56
75,Lecce,1864,3608,7.83
76,Potenza,1864,4684,9.17
78,Cosenza,1864,3501,8.05
79,Catanzaro,1864,3138,7.98
80,Reggio di Calabria,1864,2605,7.71
81,Trapani,1864,1563,7.06
82,Palermo,1864,4175,6.76
83,Messina,1864,2785,6.99
84,Girgenti,1864,1965,6.83
85,Caltanissetta,1864,1665,8.24
87,Catania,1864,3255,7.02
89,Siracusa,1864,1864,6.9
90,Sassari,1864,2127,9.49
92,Cagliari,1864,3334,8.81
1,Torino,1865,9159,12.61
3,Novara,1865,6575,16.29
4,Cuneo,1865,6154,15.25
6,Alessandria,1865,7054,17.7
8,Porto Maurizio,1865,1351,7.22
10,Genova,1865,7751,18.55
13,Como,1865,4235,7.3
14,Sondrio,1865,997,4.35
15,Milano,1865,8880,12.7
16,Bergamo,1865,3390,8.97
17,Brescia,1865,4820,11.8
18,Pavia,1865,4379,10.16
19,Cremona,1865,3556,10.94
20,Mantova,1865,347,1.2
23,Verona,1865,2943,8.01
24,Vicenza,1865,2933,8.09
25,Belluno,1865,1365,7.79
26,Treviso,1865,2738,7.77
27,Venezia,1865,2404,7.12
28,Padova,1865,2940,8.07
29,Rovigo,1865,1694,8.44
30,Udine,1865,3438,7.14
33,Piacenza,1865,1674,7.56
34,Parma,1865,2003,7.58
35,Reggio nell'Emilia,1865,1866,7.96
36,Modena,1865,2331,8.52
37,Bologna,1865,3349,7.97
38,Ferrara,1865,2077,10.08
39,Ravenna,1865,1648,7.46
40,Forlì,1865,1664,7.27
41,Pesaro e Urbino,1865,1498,7.25
42,Ancona,1865,2094,8.12
43,Macerata,1865,1637,6.91
44,Ascoli Piceno,1865,1456,7.32
45,Massa e Carrara,1865,1406,9.45
46,Lucca,1865,2586,9.72
48,Firenze,1865,7400,10.21
49,Livorno,1865,1206,10.27
50,Pisa,1865,2431,9.64
51,Arezzo,1865,2073,8.83
52,Siena,1865,1980,8.95
53,Grosseto,1865,953,9.25
54,Umbria,1865,3650,6.93
61,Caserta,1865,6250,8.96
62,Benevento,1865,2256,10.02
63,Napoli,1865,7654,8.66
64,Avellino,1865,3340,8.85
65,Salerno,1865,4909,9.2
66,Aquila degli Abruzzi,1865,2665,8.35
67,Teramo,1865,2252,8.2
69,Chieti,1865,3454,10.39
70,Campobasso,1865,3579,10.23
71,Foggia,1865,3087,9.08
72,Bari delle Puglie,1865,5676,9.86
75,Lecce,1865,4459,9.58
76,Potenza,1865,5236,10.26
78,Cosenza,1865,4418,10.13
79,Catanzaro,1865,4134,10.44
80,Reggio di Calabria,1865,3024,8.89
81,Trapani,1865,1668,7.46
82,Palermo,1865,4078,6.6
83,Messina,1865,2975,7.44
84,Girgenti,1865,2012,6.99
85,Caltanissetta,1865,1635,7.93
87,Catania,1865,3324,7.1
89,Siracusa,1865,2079,7.6
90,Sassari,1865,2512,11.07
92,Cagliari,1865,3819,10.04
1,Torino,1866,5640,7.35
3,Novara,1866,4109,9.33
4,Cuneo,1866,3921,8.93
6,Alessandria,1866,3935,8.82
8,Porto Maurizio,1866,584,3.3
10,Genova,1866,3288,7.03
13,Como,1866,2519,4.48
14,Sondrio,1866,641,3.06
15,Milano,1866,5555,7.4
16,Bergamo,1866,2017,5.36
17,Brescia,1866,2715,6.52
18,Pavia,1866,2714,6.25
19,Cremona,1866,2074,6.46
20,Mantova,1866,1385,4.81
23,Verona,1866,2732,7.44
24,Vicenza,1866,2744,7.56
25,Belluno,1866,1365,7.79
26,Treviso,1866,2875,8.16
27,Venezia,1866,2154,6.38
28,Padova,1866,2872,7.88
29,Rovigo,1866,1574,7.84
30,Udine,1866,3571,7.42
33,Piacenza,1866,1176,5.29
34,Parma,1866,1371,5.19
35,Reggio nell'Emilia,1866,1162,4.93
36,Modena,1866,1308,4.78
37,Bologna,1866,1900,4.49
38,Ferrara,1866,348,1.68
39,Ravenna,1866,758,3.43
40,Forlì,1866,719,3.13
41,Pesaro e Urbino,1866,611,2.94
42,Ancona,1866,1062,4.1
43,Macerata,1866,1063,4.49
44,Ascoli Piceno,1866,665,3.33
45,Massa e Carrara,1866,581,3.85
46,Lucca,1866,1013,3.77
48,Firenze,1866,3712,5.07
49,Livorno,1866,736,6.26
50,Pisa,1866,1112,4.37
51,Arezzo,1866,853,3.64
52,Siena,1866,1080,4.94
53,Grosseto,1866,348,3.36
54,Umbria,1866,2676,5.04
61,Caserta,1866,4049,5.81
62,Benevento,1866,1512,6.68
63,Napoli,1866,4773,5.38
64,Avellino,1866,2322,6.16
65,Salerno,1866,3443,6.44
66,Aquila degli Abruzzi,1866,1665,5.18
67,Teramo,1866,1535,5.69
69,Chieti,1866,2605,7.81
70,Campobasso,1866,3583,10.21
71,Foggia,1866,2275,6.75
72,Bari delle Puglie,1866,4234,7.29
75,Lecce,1866,3970,8.45
76,Potenza,1866,4126,8.08
78,Cosenza,1866,2766,6.33
79,Catanzaro,1866,2449,6.14
80,Reggio di Calabria,1866,1780,5.2
81,Trapani,1866,875,3.88
82,Palermo,1866,1884,3.05
83,Messina,1866,1850,4.61
84,Girgenti,1866,841,2.92
85,Caltanissetta,1866,811,3.86
87,Catania,1866,1594,3.37
89,Siracusa,1866,1099,3.97
90,Sassari,1866,833,3.63
92,Cagliari,1866,1389,3.63
1,Torino,1867,6382,7.89
3,Novara,1867,4448,9.32
4,Cuneo,1867,4354,9.17
6,Alessandria,1867,4919,9.97
8,Porto Maurizio,1867,799,4.78
10,Genova,1867,4915,9.51
13,Como,1867,3209,5.88
14,Sondrio,1867,795,4.19
15,Milano,1867,7064,8.8
16,Bergamo,1867,2653,7.08
17,Brescia,1867,3748,8.84
18,Pavia,1867,3301,7.56
19,Cremona,1867,2966,9.36
20,Mantova,1867,1664,5.78
23,Verona,1867,3018,8.22
24,Vicenza,1867,3234,8.91
25,Belluno,1867,1410,8.05
26,Treviso,1867,2602,7.39
27,Venezia,1867,3934,11.66
28,Padova,1867,3174,8.71
29,Rovigo,1867,1977,9.85
30,Udine,1867,3760,7.81
33,Piacenza,1867,1385,6.21
34,Parma,1867,1642,6.21
35,Reggio nell'Emilia,1867,1292,5.46
36,Modena,1867,1445,5.28
37,Bologna,1867,2345,5.5
38,Ferrara,1867,1151,5.5
39,Ravenna,1867,870,3.94
40,Forlì,1867,848,3.67
41,Pesaro e Urbino,1867,678,3.25
42,Ancona,1867,1256,4.84
43,Macerata,1867,1129,4.77
44,Ascoli Piceno,1867,775,3.87
45,Massa e Carrara,1867,777,5.07
46,Lucca,1867,1411,5.21
48,Firenze,1867,4660,6.31
49,Livorno,1867,642,5.45
50,Pisa,1867,1389,5.41
51,Arezzo,1867,1135,4.84
52,Siena,1867,1244,5.75
53,Grosseto,1867,574,5.5
54,Umbria,1867,2655,4.97
61,Caserta,1867,4842,6.94
62,Benevento,1867,1805,7.94
63,Napoli,1867,5615,6.3
64,Avellino,1867,2912,7.72
65,Salerno,1867,3996,7.45
66,Aquila degli Abruzzi,1867,1974,6.1
67,Teramo,1867,1576,5.95
69,Chieti,1867,2637,7.87
70,Campobasso,1867,3243,9.22
71,Foggia,1867,2592,7.76
72,Bari delle Puglie,1867,5388,9.19
75,Lecce,1867,3392,7.16
76,Potenza,1867,4765,9.33
78,Cosenza,1867,3338,7.61
79,Catanzaro,1867,2928,7.3
80,Reggio di Calabria,1867,2271,6.59
81,Trapani,1867,1077,4.73
82,Palermo,1867,3023,4.89
83,Messina,1867,1885,4.69
84,Girgenti,1867,1268,4.41
85,Caltanissetta,1867,1207,5.64
87,Catania,1867,1784,3.74
89,Siracusa,1867,972,3.47
90,Sassari,1867,1371,5.9
92,Cagliari,1867,1826,4.75
1,Torino,1868,7101,8.36
3,Novara,1868,4614,8.97
4,Cuneo,1868,4658,9.12
6,Alessandria,1868,5244,9.69
8,Porto Maurizio,1868,816,5.19
10,Genova,1868,5013,8.85
13,Como,1868,3767,7.12
14,Sondrio,1868,802,4.72
15,Milano,1868,8116,9.5
16,Bergamo,1868,3127,8.39
17,Brescia,1868,4165,9.64
18,Pavia,1868,3756,8.54
19,Cremona,1868,3459,11.06
20,Mantova,1868,1597,5.55
23,Verona,1868,3106,8.45
24,Vicenza,1868,3260,8.99
25,Belluno,1868,1398,7.98
26,Treviso,1868,2766,7.85
27,Venezia,1868,2956,8.76
28,Padova,1868,3376,9.26
29,Rovigo,1868,1861,9.27
30,Udine,1868,3601,7.48
33,Piacenza,1868,1682,7.52
34,Parma,1868,2045,7.74
35,Reggio nell'Emilia,1868,1721,7.25
36,Modena,1868,1799,6.57
37,Bologna,1868,2547,5.93
38,Ferrara,1868,1217,5.78
39,Ravenna,1868,966,4.37
40,Forlì,1868,1010,4.35
41,Pesaro e Urbino,1868,677,3.23
42,Ancona,1868,1090,4.19
43,Macerata,1868,1068,4.51
44,Ascoli Piceno,1868,758,3.77
45,Massa e Carrara,1868,964,6.2
46,Lucca,1868,1446,5.29
48,Firenze,1868,4906,6.58
49,Livorno,1868,840,7.13
50,Pisa,1868,1347,5.2
51,Arezzo,1868,1142,4.87
52,Siena,1868,1125,5.26
53,Grosseto,1868,557,5.31
54,Umbria,1868,2592,4.82
61,Caserta,1868,4717,6.76
62,Benevento,1868,1699,7.43
63,Napoli,1868,5775,6.45
64,Avellino,1868,2814,7.46
65,Salerno,1868,3868,7.2
66,Aquila degli Abruzzi,1868,2036,6.24
67,Teramo,1868,1948,7.48
69,Chieti,1868,2840,8.45
70,Campobasso,1868,3148,8.92
71,Foggia,1868,2776,8.38
72,Bari delle Puglie,1868,5803,9.81
75,Lecce,1868,4193,8.77
76,Potenza,1868,4642,9.09
78,Cosenza,1868,2901,6.59
79,Catanzaro,1868,2184,5.41
80,Reggio di Calabria,1868,1837,5.3
81,Trapani,1868,1565,6.81
82,Palermo,1868,4005,6.48
83,Messina,1868,2201,5.46
84,Girgenti,1868,2121,7.37
85,Caltanissetta,1868,1765,8.09
87,Catania,1868,2811,5.83
89,Siracusa,1868,1589,5.6
90,Sassari,1868,1461,6.21
92,Cagliari,1868,1926,4.98
1,Torino,1869,7195,8.08
3,Novara,1869,4698,8.52
4,Cuneo,1869,5243,9.6
6,Alessandria,1869,5588,9.5
8,Porto Maurizio,1869,742,5.04
10,Genova,1869,5251,8.52
13,Como,1869,3929,7.68
14,Sondrio,1869,790,5.27
15,Milano,1869,8809,9.73
16,Bergamo,1869,3044,8.2
17,Brescia,1869,3703,8.42
18,Pavia,1869,3596,8.12
19,Cremona,1869,2687,8.7
20,Mantova,1869,2567,8.91
23,Verona,1869,3015,8.21
24,Vicenza,1869,3134,8.64
25,Belluno,1869,1407,8.03
26,Treviso,1869,2976,8.45
27,Venezia,1869,2793,8.28
28,Padova,1869,3089,8.48
29,Rovigo,1869,1906,9.5
30,Udine,1869,3857,8.02
33,Piacenza,1869,1784,7.95
34,Parma,1869,2106,7.97
35,Reggio nell'Emilia,1869,1813,7.6
36,Modena,1869,1761,6.44
37,Bologna,1869,2509,5.8
38,Ferrara,1869,1281,6.03
39,Ravenna,1869,1133,5.13
40,Forlì,1869,1099,4.72
41,Pesaro e Urbino,1869,807,3.83
42,Ancona,1869,1244,4.77
43,Macerata,1869,1174,4.96
44,Ascoli Piceno,1869,917,4.55
45,Massa e Carrara,1869,918,5.83
46,Lucca,1869,1855,6.73
48,Firenze,1869,5139,6.83
49,Livorno,1869,827,7.01
50,Pisa,1869,1710,6.54
51,Arezzo,1869,1338,5.7
52,Siena,1869,1433,6.78
53,Grosseto,1869,577,5.47
54,Umbria,1869,2974,5.49
61,Caserta,1869,6198,8.89
62,Benevento,1869,2196,9.56
63,Napoli,1869,6715,7.47
64,Avellino,1869,3475,9.21
65,Salerno,1869,4873,9.05
66,Aquila degli Abruzzi,1869,2431,7.4
67,Teramo,1869,1862,7.29
69,Chieti,1869,3136,9.29
70,Campobasso,1869,3393,9.59
71,Foggia,1869,3330,10.14
72,Bari delle Puglie,1869,5906,9.9
75,Lecce,1869,4642,9.62
76,Potenza,1869,4814,9.43
78,Cosenza,1869,4019,9.11
79,Catanzaro,1869,3653,8.98
80,Reggio di Calabria,1869,2988,8.56
81,Trapani,1869,1991,8.58
82,Palermo,1869,5265,8.52
83,Messina,1869,2894,7.16
84,Girgenti,1869,2887,10.03
85,Caltanissetta,1869,2464,11.09
87,Catania,1869,4190,8.62
89,Siracusa,1869,2770,9.65
90,Sassari,1869,1664,6.99
92,Cagliari,1869,2473,6.36
1,Torino,1870,7234,7.76
3,Novara,1870,4853,8.25
4,Cuneo,1870,5210,8.95
6,Alessandria,1870,5509,8.66
8,Porto Maurizio,1870,905,6.6
10,Genova,1870,4915,7.38
13,Como,1870,4058,8.2
14,Sondrio,1870,822,6.31
15,Milano,1870,8493,8.87
16,Bergamo,1870,2881,7.8
17,Brescia,1870,3305,7.38
18,Pavia,1870,3572,8.02
19,Cremona,1870,2258,7.41
20,Mantova,1870,2367,8.22
23,Verona,1870,2742,7.46
24,Vicenza,1870,3135,8.64
25,Belluno,1870,1393,7.95
26,Treviso,1870,2671,7.58
27,Venezia,1870,2719,8.06
28,Padova,1870,2760,7.57
29,Rovigo,1870,1724,8.59
30,Udine,1870,3775,7.85
33,Piacenza,1870,1657,7.36
34,Parma,1870,1982,7.5
35,Reggio nell'Emilia,1870,1871,7.81
36,Modena,1870,1800,6.58
37,Bologna,1870,2770,6.35
38,Ferrara,1870,1261,5.9
39,Ravenna,1870,1047,4.74
40,Forlì,1870,1189,5.08
41,Pesaro e Urbino,1870,852,4.02
42,Ancona,1870,1267,4.84
43,Macerata,1870,1044,4.41
44,Ascoli Piceno,1870,764,3.78
45,Massa e Carrara,1870,919,5.75
46,Lucca,1870,1860,6.68
48,Firenze,1870,5409,7.12
49,Livorno,1870,749,6.34
50,Pisa,1870,1646,6.24
51,Arezzo,1870,1346,5.74
52,Siena,1870,1384,6.63
53,Grosseto,1870,604,5.69
54,Umbria,1870,2670,4.89
61,Caserta,1870,5514,7.91
62,Benevento,1870,1704,7.38
63,Napoli,1870,6572,7.28
64,Avellino,1870,2940,7.79
65,Salerno,1870,4212,7.8
66,Aquila degli Abruzzi,1870,2371,7.16
67,Teramo,1870,1615,6.44
69,Chieti,1870,2563,7.57
70,Campobasso,1870,3031,8.54
71,Foggia,1870,2558,7.86
72,Bari delle Puglie,1870,4690,7.79
75,Lecce,1870,3174,6.52
76,Potenza,1870,3886,7.61
78,Cosenza,1870,3298,7.45
79,Catanzaro,1870,2736,6.68
80,Reggio di Calabria,1870,2565,7.3
81,Trapani,1870,1903,8.13
82,Palermo,1870,4462,7.22
83,Messina,1870,2502,6.17
84,Girgenti,1870,2336,8.12
85,Caltanissetta,1870,1983,8.77
87,Catania,1870,4300,8.76
89,Siracusa,1870,2456,8.45
90,Sassari,1870,1578,6.56
92,Cagliari,1870,2658,6.8
1,Torino,1871,7718,7.93
3,Novara,1871,4893,7.83
4,Cuneo,1871,5960,9.65
6,Alessandria,1871,5333,7.8
8,Porto Maurizio,1871,921,7.25
10,Genova,1871,5371,7.51
13,Como,1871,3870,8.1
14,Sondrio,1871,767,6.95
15,Milano,1871,8893,8.82
16,Bergamo,1871,2869,7.8
17,Brescia,1871,3421,7.51
18,Pavia,1871,3302,7.37
19,Cremona,1871,2259,7.52
20,Mantova,1871,1369,4.75
23,Verona,1871,2705,7.36
24,Vicenza,1871,2784,7.67
25,Belluno,1871,1461,8.34
26,Treviso,1871,2581,7.33
27,Venezia,1871,2557,7.58
28,Padova,1871,2692,7.39
29,Rovigo,1871,1624,8.09
30,Udine,1871,3858,8.02
33,Piacenza,1871,1586,7.02
34,Parma,1871,1888,7.14
35,Reggio nell'Emilia,1871,1570,6.53
36,Modena,1871,1492,5.45
37,Bologna,1871,2588,5.89
38,Ferrara,1871,1306,6.06
39,Ravenna,1871,1069,4.84
40,Forlì,1871,1017,4.33
41,Pesaro e Urbino,1871,871,4.09
42,Ancona,1871,1255,4.78
43,Macerata,1871,1085,4.58
44,Ascoli Piceno,1871,675,3.33
45,Massa e Carrara,1871,964,5.95
46,Lucca,1871,2034,7.25
48,Firenze,1871,5509,7.19
49,Livorno,1871,839,7.1
50,Pisa,1871,1755,6.6
51,Arezzo,1871,1318,5.62
52,Siena,1871,1323,6.41
53,Grosseto,1871,608,5.69
54,Umbria,1871,2671,4.86
61,Caserta,1871,5343,7.66
62,Benevento,1871,1884,8.12
63,Napoli,1871,6823,7.53
64,Avellino,1871,3027,8.02
65,Salerno,1871,4467,8.25
66,Aquila degli Abruzzi,1871,2362,7.09
67,Teramo,1871,1403,5.71
69,Chieti,1871,3350,9.85
70,Campobasso,1871,3991,11.21
71,Foggia,1871,2908,9.01
72,Bari delle Puglie,1871,4811,7.92
75,Lecce,1871,3937,8.02
76,Potenza,1871,4315,8.45
78,Cosenza,1871,3775,8.5
79,Catanzaro,1871,3064,7.43
80,Reggio di Calabria,1871,2987,8.45
81,Trapani,1871,2258,9.55
82,Palermo,1871,4765,7.72
83,Messina,1871,2993,7.36
84,Girgenti,1871,2488,8.65
85,Caltanissetta,1871,2266,9.85
87,Catania,1871,4414,8.91
89,Siracusa,1871,2513,8.55
90,Sassari,1871,1518,6.24
92,Cagliari,1871,2546,6.47
1,Torino,1872,7583,7.75
3,Novara,1872,5488,8.71
4,Cuneo,1872,5239,8.46
6,Alessandria,1872,5781,8.4
8,Porto Maurizio,1872,840,6.58
10,Genova,1872,5690,7.9
13,Como,1872,4329,8.99
14,Sondrio,1872,837,7.5
15,Milano,1872,9370,9.19
16,Bergamo,1872,2730,7.38
17,Brescia,1872,3552,7.77
18,Pavia,1872,3945,8.76
19,Cremona,1872,2468,8.21
20,Mantova,1872,2125,7.36
23,Verona,1872,2474,6.69
24,Vicenza,1872,2489,6.8
25,Belluno,1872,1843,10.52
26,Treviso,1872,2991,8.44
27,Venezia,1872,2194,6.47
28,Padova,1872,2636,7.17
29,Rovigo,1872,1439,7.11
30,Udine,1872,3118,6.45
33,Piacenza,1872,1732,7.67
34,Parma,1872,1872,7.07
35,Reggio nell'Emilia,1872,1550,6.43
36,Modena,1872,1618,5.9
37,Bologna,1872,2585,5.86
38,Ferrara,1872,1333,6.15
39,Ravenna,1872,1249,5.64
40,Forlì,1872,1118,4.72
41,Pesaro e Urbino,1872,1100,5.14
42,Ancona,1872,1497,5.69
43,Macerata,1872,1231,5.19
44,Ascoli Piceno,1872,985,4.84
45,Massa e Carrara,1872,889,5.47
46,Lucca,1872,1920,6.83
48,Firenze,1872,5686,7.4
49,Livorno,1872,869,7.33
50,Pisa,1872,1905,7.12
51,Arezzo,1872,1322,5.62
52,Siena,1872,1415,6.86
53,Grosseto,1872,656,6.1
54,Umbria,1872,2959,5.36
58,Roma,1872,2516,2.98
61,Caserta,1872,5460,7.81
62,Benevento,1872,2026,8.71
63,Napoli,1872,6881,7.51
64,Avellino,1872,3240,8.55
65,Salerno,1872,4872,8.99
66,Aquila degli Abruzzi,1872,2558,7.63
67,Teramo,1872,1591,6.45
69,Chieti,1872,2839,8.34
70,Campobasso,1872,3201,8.97
71,Foggia,1872,3156,9.68
72,Bari delle Puglie,1872,5266,8.57
75,Lecce,1872,3983,8.01
76,Potenza,1872,4995,9.76
78,Cosenza,1872,3634,8.17
79,Catanzaro,1872,3132,7.56
80,Reggio di Calabria,1872,2521,7.09
81,Trapani,1872,2403,9.97
82,Palermo,1872,5119,8.18
83,Messina,1872,3244,7.87
84,Girgenti,1872,2792,9.62
85,Caltanissetta,1872,2261,9.67
87,Catania,1872,4359,8.68
89,Siracusa,1872,2429,8.13
90,Sassari,1872,1635,6.67
92,Cagliari,1872,2766,6.99
1,Torino,1873,7203,7.32
3,Novara,1873,5265,8.29
4,Cuneo,1873,4841,7.79
6,Alessandria,1873,5753,8.31
8,Porto Maurizio,1873,986,7.7
10,Genova,1873,5585,7.71
13,Como,1873,4259,8.78
14,Sondrio,1873,815,7.23
15,Milano,1873,9198,8.93
16,Bergamo,1873,2772,7.44
17,Brescia,1873,3757,8.19
18,Pavia,1873,3969,8.77
19,Cremona,1873,2549,8.47
20,Mantova,1873,2440,8.43
23,Verona,1873,2996,8.04
24,Vicenza,1873,2802,7.58
25,Belluno,1873,1511,8.63
26,Treviso,1873,2669,7.48
27,Venezia,1873,2536,7.43
28,Padova,1873,2676,7.21
29,Rovigo,1873,1722,8.44
30,Udine,1873,3880,8.0
33,Piacenza,1873,1780,7.88
34,Parma,1873,2111,7.97
35,Reggio nell'Emilia,1873,1786,7.4
36,Modena,1873,2090,7.61
37,Bologna,1873,3030,6.84
38,Ferrara,1873,1494,6.84
39,Ravenna,1873,1268,5.71
40,Forlì,1873,1262,5.3
41,Pesaro e Urbino,1873,1461,6.79
42,Ancona,1873,1709,6.49
43,Macerata,1873,1437,6.05
44,Ascoli Piceno,1873,1041,5.1
45,Massa e Carrara,1873,986,6.03
46,Lucca,1873,2119,7.53
48,Firenze,1873,5968,7.74
49,Livorno,1873,850,7.15
50,Pisa,1873,1879,6.97
51,Arezzo,1873,1457,6.19
52,Siena,1873,1325,6.42
53,Grosseto,1873,727,6.71
54,Umbria,1873,3171,5.72
58,Roma,1873,3164,3.72
61,Caserta,1873,6090,8.69
62,Benevento,1873,2108,9.04
63,Napoli,1873,7259,7.84
64,Avellino,1873,3480,9.15
65,Salerno,1873,4903,9.03
66,Aquila degli Abruzzi,1873,3047,9.03
67,Teramo,1873,1886,7.62
69,Chieti,1873,3183,9.34
70,Campobasso,1873,3691,10.32
71,Foggia,1873,3385,10.28
72,Bari delle Puglie,1873,5075,8.16
75,Lecce,1873,4233,8.41
76,Potenza,1873,5177,10.08
78,Cosenza,1873,3720,8.35
79,Catanzaro,1873,3858,9.26
80,Reggio di Calabria,1873,3456,9.67
81,Trapani,1873,2418,9.83
82,Palermo,1873,5723,9.03
83,Messina,1873,3407,8.16
84,Girgenti,1873,2659,9.08
85,Caltanissetta,1873,2269,9.56
87,Catania,1873,4438,8.72
89,Siracusa,1873,2395,7.89
90,Sassari,1873,1631,6.6
92,Cagliari,1873,3176,7.97
1,Torino,1874,7531,7.61
3,Novara,1874,5333,8.33
4,Cuneo,1874,4952,7.95
6,Alessandria,1874,6019,8.63
8,Porto Maurizio,1874,899,6.99
10,Genova,1874,5574,7.65
13,Como,1874,4308,8.81
14,Sondrio,1874,809,7.1
15,Milano,1874,8636,8.3
16,Bergamo,1874,2903,7.75
17,Brescia,1874,3587,7.79
18,Pavia,1874,3815,8.39
19,Cremona,1874,2335,7.76
20,Mantova,1874,2359,8.13
23,Verona,1874,2819,7.51
24,Vicenza,1874,2843,7.63
25,Belluno,1874,1442,8.24
26,Treviso,1874,2688,7.48
27,Venezia,1874,2372,6.91
28,Padova,1874,2775,7.41
29,Rovigo,1874,1548,7.52
30,Udine,1874,3789,7.77
33,Piacenza,1874,1758,7.78
34,Parma,1874,2187,8.25
35,Reggio nell'Emilia,1874,1684,6.96
36,Modena,1874,2218,8.06
37,Bologna,1874,2865,6.44
38,Ferrara,1874,1590,7.23
39,Ravenna,1874,1342,6.03
40,Forlì,1874,1455,6.07
41,Pesaro e Urbino,1874,1541,7.13
42,Ancona,1874,1732,6.56
43,Macerata,1874,1437,6.04
44,Ascoli Piceno,1874,1058,5.16
45,Massa e Carrara,1874,1050,6.4
46,Lucca,1874,1909,6.77
48,Firenze,1874,5758,7.44
49,Livorno,1874,856,7.18
50,Pisa,1874,1988,7.33
51,Arezzo,1874,1609,6.82
52,Siena,1874,1536,7.45
53,Grosseto,1874,758,6.95
54,Umbria,1874,3098,5.57
58,Roma,1874,3811,4.45
61,Caserta,1874,5375,7.65
62,Benevento,1874,1947,8.32
63,Napoli,1874,7194,7.7
64,Avellino,1874,3634,9.52
65,Salerno,1874,4426,8.14
66,Aquila degli Abruzzi,1874,3094,9.12
67,Teramo,1874,1666,6.7
69,Chieti,1874,2657,7.79
70,Campobasso,1874,3437,9.58
71,Foggia,1874,3002,9.02
72,Bari delle Puglie,1874,4973,7.91
75,Lecce,1874,3249,6.37
76,Potenza,1874,4736,9.2
78,Cosenza,1874,3445,7.72
79,Catanzaro,1874,3179,7.59
80,Reggio di Calabria,1874,2809,7.82
81,Trapani,1874,2052,8.19
82,Palermo,1874,4803,7.48
83,Messina,1874,2894,6.85
84,Girgenti,1874,2308,7.82
85,Caltanissetta,1874,2040,8.47
87,Catania,1874,4288,8.31
89,Siracusa,1874,2690,8.73
90,Sassari,1874,2272,9.13
92,Cagliari,1874,3251,8.1
1,Torino,1875,7854,7.89
3,Novara,1875,5852,9.07
4,Cuneo,1875,5420,8.67
6,Alessandria,1875,6540,9.32
8,Porto Maurizio,1875,1070,8.29
10,Genova,1875,5772,7.87
13,Como,1875,4574,9.29
14,Sondrio,1875,883,7.67
15,Milano,1875,9558,9.09
16,Bergamo,1875,3074,8.15
17,Brescia,1875,3633,7.87
18,Pavia,1875,3982,8.71
19,Cremona,1875,2580,8.57
20,Mantova,1875,2460,8.45
23,Verona,1875,2827,7.48
24,Vicenza,1875,3190,8.48
25,Belluno,1875,1597,9.14
26,Treviso,1875,3338,9.23
27,Venezia,1875,2928,8.48
28,Padova,1875,3180,8.42
29,Rovigo,1875,1599,7.71
30,Udine,1875,4058,8.29
33,Piacenza,1875,1838,8.13
34,Parma,1875,2242,8.44
35,Reggio nell'Emilia,1875,1894,7.82
36,Modena,1875,2208,8.0
37,Bologna,1875,3484,7.8
38,Ferrara,1875,1381,6.23
39,Ravenna,1875,1543,6.92
40,Forlì,1875,1418,5.87
41,Pesaro e Urbino,1875,1864,8.59
42,Ancona,1875,2208,8.35
43,Macerata,1875,1870,7.86
44,Ascoli Piceno,1875,1348,6.56
45,Massa e Carrara,1875,1115,6.76
46,Lucca,1875,2037,7.22
48,Firenze,1875,6500,8.38
49,Livorno,1875,930,7.78
50,Pisa,1875,2229,8.17
51,Arezzo,1875,1901,8.05
52,Siena,1875,1844,8.94
53,Grosseto,1875,843,7.68
54,Umbria,1875,4168,7.46
58,Roma,1875,4552,5.28
61,Caserta,1875,6318,8.97
62,Benevento,1875,2225,9.49
63,Napoli,1875,7818,8.28
64,Avellino,1875,3689,9.62
65,Salerno,1875,4970,9.12
66,Aquila degli Abruzzi,1875,3248,9.52
67,Teramo,1875,2074,8.31
69,Chieti,1875,3205,9.38
70,Campobasso,1875,3666,10.19
71,Foggia,1875,3211,9.55
72,Bari delle Puglie,1875,5817,9.14
75,Lecce,1875,5117,9.92
76,Potenza,1875,5002,9.69
78,Cosenza,1875,4242,9.49
79,Catanzaro,1875,3709,8.81
80,Reggio di Calabria,1875,2996,8.29
81,Trapani,1875,2083,8.16
82,Palermo,1875,5425,8.34
83,Messina,1875,3827,8.94
84,Girgenti,1875,2256,7.58
85,Caltanissetta,1875,1952,7.98
87,Catania,1875,4432,8.48
89,Siracusa,1875,2620,8.37
90,Sassari,1875,2085,8.32
92,Cagliari,1875,3133,7.75
1,Torino,1876,7796,7.79
3,Novara,1876,5412,8.32
4,Cuneo,1876,5428,8.66
6,Alessandria,1876,6672,9.44
8,Porto Maurizio,1876,995,7.67
10,Genova,1876,5606,7.6
13,Como,1876,4723,9.52
14,Sondrio,1876,938,8.06
15,Milano,1876,9580,9.02
16,Bergamo,1876,3184,8.4
17,Brescia,1876,3771,8.14
18,Pavia,1876,4100,8.93
19,Cremona,1876,2351,7.8
20,Mantova,1876,2355,8.07
23,Verona,1876,2870,7.54
24,Vicenza,1876,2972,7.83
25,Belluno,1876,1242,7.11
26,Treviso,1876,2469,6.78
27,Venezia,1876,2539,7.32
28,Padova,1876,2802,7.35
29,Rovigo,1876,1605,7.67
30,Udine,1876,3566,7.26
33,Piacenza,1876,1933,8.54
34,Parma,1876,2172,8.17
35,Reggio nell'Emilia,1876,2010,8.28
36,Modena,1876,2299,8.32
37,Bologna,1876,3591,8.01
38,Ferrara,1876,1540,6.9
39,Ravenna,1876,1707,7.64
40,Forlì,1876,1495,6.15
41,Pesaro e Urbino,1876,1685,7.73
42,Ancona,1876,2019,7.62
43,Macerata,1876,1718,7.21
44,Ascoli Piceno,1876,1369,6.64
45,Massa e Carrara,1876,1165,7.03
46,Lucca,1876,2209,7.82
48,Firenze,1876,6814,8.75
49,Livorno,1876,952,7.94
50,Pisa,1876,2248,8.18
51,Arezzo,1876,2006,8.48
52,Siena,1876,1684,8.17
53,Grosseto,1876,771,6.97
54,Umbria,1876,4002,7.14
58,Roma,1876,4702,5.41
61,Caserta,1876,6208,8.8
62,Benevento,1876,2031,8.63
63,Napoli,1876,8187,8.58
64,Avellino,1876,3594,9.34
65,Salerno,1876,5004,9.17
66,Aquila degli Abruzzi,1876,2982,8.69
67,Teramo,1876,2019,8.06
69,Chieti,1876,3063,8.96
70,Campobasso,1876,3458,9.59
71,Foggia,1876,3332,9.81
72,Bari delle Puglie,1876,5523,8.58
75,Lecce,1876,4652,8.91
76,Potenza,1876,5300,10.24
78,Cosenza,1876,4063,9.08
79,Catanzaro,1876,3520,8.32
80,Reggio di Calabria,1876,2860,7.88
81,Trapani,1876,1942,7.46
82,Palermo,1876,5047,7.67
83,Messina,1876,3621,8.35
84,Girgenti,1876,2290,7.63
85,Caltanissetta,1876,2105,8.48
87,Catania,1876,4195,7.92
89,Siracusa,1876,2865,9.02
90,Sassari,1876,1900,7.53
92,Cagliari,1876,2625,6.45
1,Torino,1877,7156,7.11
3,Novara,1877,4897,7.47
4,Cuneo,1877,4833,7.69
6,Alessandria,1877,5814,8.18
8,Porto Maurizio,1877,910,6.99
10,Genova,1877,5296,7.14
13,Como,1877,3965,7.93
14,Sondrio,1877,843,7.17
15,Milano,1877,8601,8.02
16,Bergamo,1877,2919,7.65
17,Brescia,1877,3485,7.49
18,Pavia,1877,3572,7.74
19,Cremona,1877,2087,6.92
20,Mantova,1877,2115,7.23
23,Verona,1877,2802,7.31
24,Vicenza,1877,2846,7.43
25,Belluno,1877,1255,7.19
26,Treviso,1877,2437,6.65
27,Venezia,1877,2330,6.68
28,Padova,1877,2454,6.38
29,Rovigo,1877,1416,6.71
30,Udine,1877,3246,6.58
33,Piacenza,1877,1643,7.26
34,Parma,1877,1889,7.1
35,Reggio nell'Emilia,1877,1673,6.88
36,Modena,1877,1998,7.21
37,Bologna,1877,3282,7.29
38,Ferrara,1877,1382,6.15
39,Ravenna,1877,1516,6.77
40,Forlì,1877,1611,6.58
41,Pesaro e Urbino,1877,1655,7.56
42,Ancona,1877,2054,7.74
43,Macerata,1877,1761,7.38
44,Ascoli Piceno,1877,1514,7.32
45,Massa e Carrara,1877,954,5.73
46,Lucca,1877,1995,7.05
48,Firenze,1877,5912,7.57
49,Livorno,1877,854,7.1
50,Pisa,1877,1996,7.22
51,Arezzo,1877,1570,6.62
52,Siena,1877,1495,7.25
53,Grosseto,1877,776,6.97
54,Umbria,1877,3262,5.79
58,Roma,1877,5143,5.87
61,Caserta,1877,6098,8.62
62,Benevento,1877,2141,9.08
63,Napoli,1877,7812,8.11
64,Avellino,1877,3871,10.02
65,Salerno,1877,4637,8.48
66,Aquila degli Abruzzi,1877,3096,8.97
67,Teramo,1877,1996,7.94
69,Chieti,1877,3171,9.26
70,Campobasso,1877,3739,10.34
71,Foggia,1877,3422,9.98
72,Bari delle Puglie,1877,5755,8.85
75,Lecce,1877,5029,9.52
76,Potenza,1877,5564,10.72
78,Cosenza,1877,4198,9.36
79,Catanzaro,1877,3664,8.62
80,Reggio di Calabria,1877,2916,7.99
81,Trapani,1877,2287,8.63
82,Palermo,1877,5047,7.57
83,Messina,1877,3548,8.08
84,Girgenti,1877,2367,7.82
85,Caltanissetta,1877,2197,8.72
87,Catania,1877,4143,7.73
89,Siracusa,1877,2602,8.07
90,Sassari,1877,1775,6.99
92,Cagliari,1877,2683,6.55
1,Torino,1878,7409,7.32
3,Novara,1878,5160,7.81
4,Cuneo,1878,5037,7.99
6,Alessandria,1878,6313,8.82
8,Porto Maurizio,1878,949,7.26
10,Genova,1878,4868,6.52
13,Como,1878,3747,7.44
14,Sondrio,1878,880,7.41
15,Milano,1878,8534,7.88
16,Bergamo,1878,2847,7.42
17,Brescia,1878,3232,6.92
18,Pavia,1878,3610,7.79
19,Cremona,1878,2222,7.37
20,Mantova,1878,2032,6.93
23,Verona,1878,2667,6.91
24,Vicenza,1878,2565,6.64
25,Belluno,1878,1121,6.43
26,Treviso,1878,2340,6.35
27,Venezia,1878,2259,6.44
28,Padova,1878,2458,6.34
29,Rovigo,1878,1439,6.77
30,Udine,1878,3174,6.4
33,Piacenza,1878,1570,6.93
34,Parma,1878,1793,6.73
35,Reggio nell'Emilia,1878,1579,6.48
36,Modena,1878,1820,6.56
37,Bologna,1878,2784,6.16
38,Ferrara,1878,1235,5.46
39,Ravenna,1878,1255,5.59
40,Forlì,1878,1286,5.22
41,Pesaro e Urbino,1878,1403,6.38
42,Ancona,1878,1963,7.38
43,Macerata,1878,1879,7.87
44,Ascoli Piceno,1878,1440,6.95
45,Massa e Carrara,1878,828,4.95
46,Lucca,1878,1740,6.14
48,Firenze,1878,5126,6.54
49,Livorno,1878,783,6.49
50,Pisa,1878,1760,6.33
51,Arezzo,1878,1377,5.8
52,Siena,1878,1368,6.64
53,Grosseto,1878,739,6.6
54,Umbria,1878,3063,5.42
58,Roma,1878,5063,5.74
61,Caserta,1878,4903,6.91
62,Benevento,1878,1729,7.31
63,Napoli,1878,7131,7.33
64,Avellino,1878,3194,8.23
65,Salerno,1878,3883,7.09
66,Aquila degli Abruzzi,1878,2653,7.64
67,Teramo,1878,2152,8.54
69,Chieti,1878,3143,9.17
70,Campobasso,1878,3621,9.99
71,Foggia,1878,3011,8.7
72,Bari delle Puglie,1878,5133,7.8
75,Lecce,1878,3942,7.37
76,Potenza,1878,4945,9.5
78,Cosenza,1878,3506,7.81
79,Catanzaro,1878,2718,6.36
80,Reggio di Calabria,1878,2094,5.71
81,Trapani,1878,2256,8.37
82,Palermo,1878,5102,7.56
83,Messina,1878,3248,7.31
84,Girgenti,1878,2123,6.96
85,Caltanissetta,1878,1950,7.63
87,Catania,1878,3853,7.1
89,Siracusa,1878,2483,7.59
90,Sassari,1878,1777,6.95
92,Cagliari,1878,2618,6.35
1,Torino,1879,7581,7.45
3,Novara,1879,5153,7.74
4,Cuneo,1879,5139,8.13
6,Alessandria,1879,6195,8.6
8,Porto Maurizio,1879,858,6.54
10,Genova,1879,5261,7.0
13,Como,1879,3900,7.68
14,Sondrio,1879,767,6.4
15,Milano,1879,8940,8.17
16,Bergamo,1879,2813,7.28
17,Brescia,1879,3346,7.14
18,Pavia,1879,3840,8.25
19,Cremona,1879,2253,7.47
20,Mantova,1879,2121,7.21
23,Verona,1879,2845,7.32
24,Vicenza,1879,2684,6.89
25,Belluno,1879,1103,6.33
26,Treviso,1879,2338,6.3
27,Venezia,1879,2331,6.61
28,Padova,1879,2584,6.61
29,Rovigo,1879,1471,6.86
30,Udine,1879,3098,6.23
33,Piacenza,1879,1737,7.67
34,Parma,1879,2032,7.62
35,Reggio nell'Emilia,1879,1950,7.99
36,Modena,1879,2118,7.62
37,Bologna,1879,3288,7.25
38,Ferrara,1879,1557,6.84
39,Ravenna,1879,1321,5.88
40,Forlì,1879,1772,7.15
41,Pesaro e Urbino,1879,1727,7.81
42,Ancona,1879,2251,8.45
43,Macerata,1879,1828,7.65
44,Ascoli Piceno,1879,1527,7.34
45,Massa e Carrara,1879,1146,6.82
46,Lucca,1879,2084,7.35
48,Firenze,1879,5790,7.37
49,Livorno,1879,820,6.78
50,Pisa,1879,1846,6.59
51,Arezzo,1879,1698,7.14
52,Siena,1879,1535,7.45
53,Grosseto,1879,739,6.55
54,Umbria,1879,3893,6.86
58,Roma,1879,5305,5.97
61,Caserta,1879,4986,7.01
62,Benevento,1879,1776,7.49
63,Napoli,1879,7802,7.94
64,Avellino,1879,3229,8.29
65,Salerno,1879,4049,7.38
66,Aquila degli Abruzzi,1879,2969,8.51
67,Teramo,1879,1978,7.82
69,Chieti,1879,3232,9.42
70,Campobasso,1879,3290,9.05
71,Foggia,1879,3263,9.34
72,Bari delle Puglie,1879,6322,9.51
75,Lecce,1879,4962,9.18
76,Potenza,1879,4791,9.18
78,Cosenza,1879,3607,8.02
79,Catanzaro,1879,3428,7.98
80,Reggio di Calabria,1879,2628,7.12
81,Trapani,1879,2084,7.59
82,Palermo,1879,5191,7.6
83,Messina,1879,3365,7.48
84,Girgenti,1879,2147,6.98
85,Caltanissetta,1879,2065,7.97
87,Catania,1879,4266,7.76
89,Siracusa,1879,2392,7.21
90,Sassari,1879,1878,7.29
92,Cagliari,1879,2762,6.65
1,Torino,1880,7085,6.92
3,Novara,1880,4785,7.13
4,Cuneo,1880,4628,7.31
6,Alessandria,1880,6141,8.47
8,Porto Maurizio,1880,951,7.22
10,Genova,1880,4903,6.49
13,Como,1880,3629,7.1
14,Sondrio,1880,713,5.89
15,Milano,1880,8132,7.36
16,Bergamo,1880,2738,7.05
17,Brescia,1880,3195,6.8
18,Pavia,1880,3498,7.48
19,Cremona,1880,2099,6.95
20,Mantova,1880,1918,6.5
23,Verona,1880,2626,6.71
24,Vicenza,1880,2364,6.02
25,Belluno,1880,959,5.5
26,Treviso,1880,2021,5.41
27,Venezia,1880,2187,6.17
28,Padova,1880,2163,5.48
29,Rovigo,1880,1288,5.96
30,Udine,1880,2948,5.9
33,Piacenza,1880,1630,7.19
34,Parma,1880,1810,6.78
35,Reggio nell'Emilia,1880,1668,6.82
36,Modena,1880,1926,6.91
37,Bologna,1880,2899,6.36
38,Ferrara,1880,1133,4.94
39,Ravenna,1880,1466,6.51
40,Forlì,1880,1878,7.53
41,Pesaro e Urbino,1880,1564,7.04
42,Ancona,1880,1924,7.21
43,Macerata,1880,1690,7.06
44,Ascoli Piceno,1880,1428,6.85
45,Massa e Carrara,1880,1086,6.44
46,Lucca,1880,1865,6.56
48,Firenze,1880,5256,6.67
49,Livorno,1880,886,7.31
50,Pisa,1880,1891,6.71
51,Arezzo,1880,1366,5.73
52,Siena,1880,1273,6.18
53,Grosseto,1880,792,6.98
54,Umbria,1880,3193,5.6
58,Roma,1880,5134,5.73
61,Caserta,1880,5118,7.18
62,Benevento,1880,1573,6.62
63,Napoli,1880,7560,7.62
64,Avellino,1880,3077,7.87
65,Salerno,1880,4062,7.4
66,Aquila degli Abruzzi,1880,2610,7.44
67,Teramo,1880,1862,7.33
69,Chieti,1880,2652,7.72
70,Campobasso,1880,2915,8.0
71,Foggia,1880,3091,8.76
72,Bari delle Puglie,1880,5525,8.22
75,Lecce,1880,3864,7.06
76,Potenza,1880,4556,8.71
78,Cosenza,1880,3325,7.38
79,Catanzaro,1880,2837,6.57
80,Reggio di Calabria,1880,2383,6.43
81,Trapani,1880,2178,7.8
82,Palermo,1880,4801,6.95
83,Messina,1880,2584,5.68
84,Girgenti,1880,2279,7.35
85,Caltanissetta,1880,2197,8.36
87,Catania,1880,4036,7.25
89,Siracusa,1880,2340,6.95
90,Sassari,1880,2042,7.87
92,Cagliari,1880,2742,6.56
1,Torino,1881,7242,7.04
3,Novara,1881,4919,7.28
4,Cuneo,1881,4923,7.75
6,Alessandria,1881,6531,8.95
8,Porto Maurizio,1881,943,7.13
10,Genova,1881,5390,7.09
13,Como,1881,3791,7.36
14,Sondrio,1881,663,5.42
15,Milano,1881,8928,8.01
16,Bergamo,1881,2782,7.12
17,Brescia,1881,3403,7.22
18,Pavia,1881,3866,8.23
19,Cremona,1881,2208,7.31
20,Mantova,1881,2088,7.06
23,Verona,1881,2763,7.01
24,Vicenza,1881,2605,6.57
25,Belluno,1881,1094,6.28
26,Treviso,1881,2481,6.6
27,Venezia,1881,2469,6.92
28,Padova,1881,2440,6.13
29,Rovigo,1881,1356,6.23
30,Udine,1881,3192,6.36
33,Piacenza,1881,1904,8.4
34,Parma,1881,1925,7.2
35,Reggio nell'Emilia,1881,1718,7.01
36,Modena,1881,2112,7.56
37,Bologna,1881,3068,6.71
38,Ferrara,1881,1253,5.43
39,Ravenna,1881,1341,5.94
40,Forlì,1881,1624,6.47
41,Pesaro e Urbino,1881,1761,7.9
42,Ancona,1881,2174,8.13
43,Macerata,1881,1928,8.04
44,Ascoli Piceno,1881,1610,7.7
45,Massa e Carrara,1881,1132,6.68
46,Lucca,1881,2130,7.49
48,Firenze,1881,6218,7.86
49,Livorno,1881,961,7.9
50,Pisa,1881,2179,7.69
51,Arezzo,1881,1809,7.58
52,Siena,1881,1749,8.49
53,Grosseto,1881,877,7.67
54,Umbria,1881,4169,7.29
58,Roma,1881,7016,7.77
61,Caserta,1881,6387,8.94
62,Benevento,1881,2519,10.57
63,Napoli,1881,8453,8.44
64,Avellino,1881,4070,10.37
65,Salerno,1881,4658,8.47
66,Aquila degli Abruzzi,1881,3107,8.8
67,Teramo,1881,2476,9.72
69,Chieti,1881,3454,10.04
70,Campobasso,1881,4068,11.13
71,Foggia,1881,3946,11.08
72,Bari delle Puglie,1881,6987,10.28
75,Lecce,1881,5269,9.52
76,Potenza,1881,5436,10.36
78,Cosenza,1881,4251,9.42
79,Catanzaro,1881,3902,8.99
80,Reggio di Calabria,1881,3344,8.97
81,Trapani,1881,2780,9.79
82,Palermo,1881,6395,9.15
83,Messina,1881,3688,8.01
84,Girgenti,1881,3106,9.94
85,Caltanissetta,1881,2385,8.95
87,Catania,1881,4726,8.39
89,Siracusa,1881,3008,8.81
90,Sassari,1881,1987,7.61
92,Cagliari,1881,3006,7.15
1,Torino,1901,7884,7.27
3,Novara,1901,5698,7.92
4,Cuneo,1901,4880,7.91
6,Alessandria,1901,6241,7.93
8,Porto Maurizio,1901,968,6.2
10,Genova,1901,6039,6.65
13,Como,1901,4649,8.24
14,Sondrio,1901,938,6.42
15,Milano,1901,11276,8.16
16,Bergamo,1901,3510,7.46
17,Brescia,1901,3824,7.34
18,Pavia,1901,3769,7.52
19,Cremona,1901,2334,6.94
20,Mantova,1901,2340,7.29
23,Verona,1901,2953,7.16
24,Vicenza,1901,3248,7.27
25,Belluno,1901,1685,8.49
26,Treviso,1901,2985,7.21
27,Venezia,1901,2640,6.62
28,Padova,1901,2994,6.67
29,Rovigo,1901,1613,7.15
30,Udine,1901,4625,7.91
33,Piacenza,1901,1768,6.94
34,Parma,1901,2082,6.61
35,Reggio nell'Emilia,1901,2021,7.36
36,Modena,1901,2306,7.1
37,Bologna,1901,3713,7.24
38,Ferrara,1901,2297,8.06
39,Ravenna,1901,1581,6.64
40,Forlì,1901,2335,8.18
41,Pesaro e Urbino,1901,1772,6.98
42,Ancona,1901,2204,6.92
43,Macerata,1901,1815,6.96
44,Ascoli Piceno,1901,1586,6.17
45,Massa e Carrara,1901,1599,8.11
46,Lucca,1901,2318,6.91
48,Firenze,1901,6829,7.56
49,Livorno,1901,882,5.94
50,Pisa,1901,2449,7.51
51,Arezzo,1901,1884,6.08
52,Siena,1901,1604,6.84
53,Grosseto,1901,957,5.37
54,Umbria,1901,4685,6.97
58,Roma,1901,7932,6.85
61,Caserta,1901,5668,7.51
62,Benevento,1901,1783,6.15
63,Napoli,1901,7660,6.92
64,Avellino,1901,2877,7.23
65,Salerno,1901,4028,7.35
66,Aquila degli Abruzzi,1901,3389,8.17
67,Teramo,1901,2143,6.9
69,Chieti,1901,2874,7.16
70,Campobasso,1901,3076,8.22
71,Foggia,1901,2979,7.18
72,Bari delle Puglie,1901,5129,6.27
75,Lecce,1901,3837,5.22
76,Potenza,1901,3548,6.94
78,Cosenza,1901,3476,7.45
79,Catanzaro,1901,3381,6.79
80,Reggio di Calabria,1901,2983,6.91
81,Trapani,1901,2420,6.69
82,Palermo,1901,5878,7.7
83,Messina,1901,3620,6.41
84,Girgenti,1901,3226,8.75
85,Caltanissetta,1901,2806,8.53
87,Catania,1901,5300,7.75
89,Siracusa,1901,3400,7.95
90,Sassari,1901,2091,6.8
92,Cagliari,1901,3585,7.56
1,Torino,1911,8416,6.95
3,Novara,1911,5969,7.9
4,Cuneo,1911,4484,6.94
6,Alessandria,1911,6133,7.69
8,Porto Maurizio,1911,983,6.72
10,Genova,1911,6863,6.55
13,Como,1911,4622,7.5
14,Sondrio,1911,905,6.98
15,Milano,1911,13085,7.58
16,Bergamo,1911,3782,7.4
17,Brescia,1911,4224,7.12
18,Pavia,1911,3646,7.13
19,Cremona,1911,2487,7.13
20,Mantova,1911,2556,7.32
23,Verona,1911,3255,6.86
24,Vicenza,1911,3608,7.27
25,Belluno,1911,1548,8.03
26,Treviso,1911,3454,7.03
27,Venezia,1911,3447,7.39
28,Padova,1911,3649,7.03
29,Rovigo,1911,2089,8.1
30,Udine,1911,4991,7.96
33,Piacenza,1911,1739,6.81
34,Parma,1911,2388,7.33
35,Reggio nell'Emilia,1911,2368,7.63
36,Modena,1911,2642,7.49
37,Bologna,1911,4577,7.92
38,Ferrara,1911,2126,6.91
39,Ravenna,1911,1980,7.98
40,Forlì,1911,2678,8.88
41,Pesaro e Urbino,1911,2158,8.26
42,Ancona,1911,2597,8.12
43,Macerata,1911,2089,8.1
44,Ascoli Piceno,1911,1818,7.17
45,Massa e Carrara,1911,1760,8.29
46,Lucca,1911,2393,7.19
48,Firenze,1911,7946,7.96
49,Livorno,1911,934,6.89
50,Pisa,1911,2582,7.55
51,Arezzo,1911,2284,8.06
52,Siena,1911,1913,7.92
53,Grosseto,1911,1317,8.98
54,Umbria,1911,5544,8.11
58,Roma,1911,10316,7.88
61,Caserta,1911,6058,7.68
62,Benevento,1911,1757,6.95
63,Napoli,1911,9693,7.44
64,Avellino,1911,2926,7.43
65,Salerno,1911,3996,7.19
66,Aquila degli Abruzzi,1911,3054,7.53
67,Teramo,1911,2070,6.73
69,Chieti,1911,2760,7.56
70,Campobasso,1911,2703,7.78
71,Foggia,1911,3429,7.35
72,Bari delle Puglie,1911,7260,8.15
75,Lecce,1911,6252,8.11
76,Potenza,1911,3788,8.06
78,Cosenza,1911,3336,7.17
79,Catanzaro,1911,3442,7.16
80,Reggio di Calabria,1911,3498,7.89
81,Trapani,1911,2673,7.64
82,Palermo,1911,5817,7.33
83,Messina,1911,4116,8.02
84,Girgenti,1911,3224,8.3
85,Caltanissetta,1911,2795,8.26
87,Catania,1911,5691,7.27
89,Siracusa,1911,3670,7.83
90,Sassari,1911,2250,6.79
92,Cagliari,1911,3645,7.02
1,Torino,1921,14647,11.71
3,Novara,1921,9755,13.49
4,Cuneo,1921,7697,12.38
6,Alessandria,1921,10472,13.45
8,Porto Maurizio,1921,1545,10.3
10,Genova,1921,12162,10.38
13,Como,1921,7850,12.48
14,Sondrio,1921,1474,11.26
15,Milano,1921,22375,11.75
16,Bergamo,1921,7080,12.77
17,Brescia,1921,8022,12.34
18,Pavia,1921,6333,12.9
19,Cremona,1921,4433,12.43
20,Mantova,1921,4171,11.09
23,Verona,1921,6396,12.37
24,Vicenza,1921,7178,13.15
25,Belluno,1921,2992,13.12
26,Treviso,1921,7306,13.35
27,Venezia,1921,5457,10.54
28,Padova,1921,6660,11.36
29,Rovigo,1921,2926,10.21
30,Udine,1921,8727,12.16
33,Piacenza,1921,2977,10.61
34,Parma,1921,4064,11.83
35,Reggio nell'Emilia,1921,3836,11.13
36,Modena,1921,4413,11.18
37,Bologna,1921,7211,11.24
38,Ferrara,1921,3043,8.81
39,Ravenna,1921,2850,11.11
40,Forlì,1921,3730,11.32
41,Pesaro e Urbino,1921,3562,12.75
42,Ancona,1921,4091,12.26
43,Macerata,1921,3348,12.59
44,Ascoli Piceno,1921,2995,11.34
45,Massa e Carrara,1921,2892,12.95
46,Lucca,1921,4160,12.07
48,Firenze,1921,12949,12.5
49,Livorno,1921,1395,9.74
50,Pisa,1921,4578,12.74
51,Arezzo,1921,3975,13.39
52,Siena,1921,3607,14.62
53,Grosseto,1921,2149,13.15
54,Umbria,1921,9571,13.04
58,Roma,1921,16941,11.3
61,Caserta,1921,9325,11.42
62,Benevento,1921,3254,12.24
63,Napoli,1921,15010,10.27
64,Avellino,1921,4883,12.18
65,Salerno,1921,7061,12.23
66,Aquila degli Abruzzi,1921,4620,11.78
67,Teramo,1921,3500,10.94
69,Chieti,1921,4324,11.55
70,Campobasso,1921,4158,12.27
71,Foggia,1921,4925,10.83
72,Bari delle Puglie,1921,9847,10.41
75,Lecce,1921,9875,11.25
76,Potenza,1921,5885,12.6
78,Cosenza,1921,6959,14.16
79,Catanzaro,1921,5982,11.77
80,Reggio di Calabria,1921,5208,10.85
81,Trapani,1921,3799,9.36
82,Palermo,1921,8273,9.69
83,Messina,1921,5844,10.15
84,Girgenti,1921,3940,9.62
85,Caltanissetta,1921,3451,9.02
87,Catania,1921,8454,9.72
89,Siracusa,1921,5502,10.44
90,Sassari,1921,3366,10.18
92,Cagliari,1921,5192,9.87
1,Torino,1931,7254,6.32
2,Vercelli,1931,2524,7.02
3,Novara,1931,2771,7.12
4,Cuneo,1931,4158,6.71
6,Alessandria,1931,5581,7.38
7,Aosta,1931,1526,6.75
8,Porto Maurizio,1931,982,6.05
9,Savona,1931,1425,6.45
10,Genova,1931,4892,5.88
11,La Spezia,1931,1445,6.51
12,Varese,1931,2554,6.68
13,Como,1931,3172,6.51
14,Sondrio,1931,919,6.87
15,Milano,1931,14201,7.09
16,Bergamo,1931,3820,6.53
17,Brescia,1931,4639,6.53
18,Pavia,1931,3379,7.01
19,Cremona,1931,2354,5.87
20,Mantova,1931,3021,7.6
21,Bolzano,1931,1499,5.56
22,Trento,1931,2054,5.26
23,Verona,1931,3867,6.87
24,Vicenza,1931,3315,6.28
25,Belluno,1931,1532,7.28
26,Treviso,1931,3353,5.98
27,Venezia,1931,3768,6.34
28,Padova,1931,3955,6.26
29,Rovigo,1931,2357,7.47
30,Udine,1931,5099,7.1
31,Gorizia,1931,1090,5.31
32,Fiume,1931,671,1.93
33,Piacenza,1931,1806,6.22
34,Parma,1931,2373,6.35
35,Reggio nell'Emilia,1931,2473,6.85
36,Modena,1931,3301,7.36
37,Bologna,1931,4587,6.72
38,Ferrara,1931,2791,7.61
39,Ravenna,1931,1905,7.01
40,Forlì,1931,2917,6.76
41,Pesaro e Urbino,1931,2290,7.78
42,Ancona,1931,2586,7.25
43,Macerata,1931,1933,6.96
44,Ascoli Piceno,1931,1997,6.92
45,Massa e Carrara,1931,1424,7.51
46,Lucca,1931,2328,6.85
47,Pistoia,1931,1608,7.95
48,Firenze,1931,5708,6.79
49,Livorno,1931,1610,6.55
50,Pisa,1931,2432,7.26
51,Arezzo,1931,2198,7.3
52,Siena,1931,1928,7.4
53,Grosseto,1931,1339,7.57
54,Umbria,1931,3786,7.35
55,Terni,1931,1230,6.87
56,Viterbo,1931,1625,7.07
57,Rieti,1931,1117,6.81
58,Roma,1931,10654,6.76
60,Frosinone,1931,3287,7.95
62,Benevento,1931,2271,6.86
63,Napoli,1931,12522,6.04
64,Avellino,1931,3042,7.23
65,Salerno,1931,4102,6.24
66,Aquila degli Abruzzi,1931,2364,6.86
67,Teramo,1931,1613,7.12
68,Pescara,1931,1338,6.92
69,Chieti,1931,2691,7.31
70,Campobasso,1931,2783,7.37
71,Foggia,1931,3266,6.46
72,Bari delle Puglie,1931,6874,7.25
73,Taranto,1931,1763,5.82
74,Brindisi,1931,1438,5.94
75,Lecce,1931,3353,6.88
76,Potenza,1931,2635,7.52
77,Matera,1931,1189,7.72
78,Cosenza,1931,3944,7.23
79,Catanzaro,1931,4004,7.0
80,Reggio di Calabria,1931,3460,6.3
81,Trapani,1931,2238,5.98
82,Palermo,1931,5453,6.48
83,Messina,1931,3777,6.29
84,Girgenti,1931,2706,6.79
85,Caltanissetta,1931,1712,6.97
86,Enna,1931,1476,6.53
87,Catania,1931,4649,6.78
88,Ragusa,1931,1523,6.4
89,Siracusa,1931,1774,6.24
90,Sassari,1931,1693,5.85
91,Nuoro,1931,1091,5.26
92,Cagliari,1931,2816,5.92
