COD_PROV,year,births,cbr
66,1863,47040,38.4
67,1863,47040,38.4
68,1863,47040,38.4
69,1863,47040,38.4
70,1863,47040,38.4
66,1864,44961,36.51
67,1864,44961,36.51
68,1864,44961,36.51
69,1864,44961,36.51
70,1864,44961,36.51
66,1865,46644,37.69
67,1865,46644,37.69
68,1865,46644,37.69
69,1865,46644,37.69
70,1865,46644,37.69
66,1866,46626,37.48
67,1866,46626,37.48
68,1866,46626,37.48
69,1866,46626,37.48
70,1866,46626,37.48
66,1867,48241,38.59
67,1867,48241,38.59
68,1867,48241,38.59
69,1867,48241,38.59
70,1867,48241,38.59
66,1868,43089,34.3
67,1868,43089,34.3
68,1868,43089,34.3
69,1868,43089,34.3
70,1868,43089,34.3
66,1869,47968,37.99
67,1869,47968,37.99
68,1869,47968,37.99
69,1869,47968,37.99
70,1869,47968,37.99
66,1870,46800,36.88
67,1870,46800,36.88
68,1870,46800,36.88
69,1870,46800,36.88
70,1870,46800,36.88
66,1871,46874,36.76
67,1871,46874,36.76
68,1871,46874,36.76
69,1871,46874,36.76
70,1871,46874,36.76
66,1872,47806,37.37
67,1872,47806,37.37
68,1872,47806,37.37
69,1872,47806,37.37
70,1872,47806,37.37
66,1873,49869,38.86
67,1873,49869,38.86
68,1873,49869,38.86
69,1873,49869,38.86
70,1873,49869,38.86
66,1874,46177,35.86
67,1874,46177,35.86
68,1874,46177,35.86
69,1874,46177,35.86
70,1874,46177,35.86
66,1875,48925,37.87
67,1875,48925,37.87
68,1875,48925,37.87
69,1875,48925,37.87
70,1875,48925,37.87
66,1876,51233,39.53
67,1876,51233,39.53
68,1876,51233,39.53
69,1876,51233,39.53
70,1876,51233,39.53
66,1877,51711,39.77
67,1877,51711,39.77
68,1877,51711,39.77
69,1877,51711,39.77
70,1877,51711,39.77
66,1878,49786,38.17
67,1878,49786,38.17
68,1878,49786,38.17
69,1878,49786,38.17
70,1878,49786,38.17
66,1879,54081,41.32
67,1879,54081,41.32
68,1879,54081,41.32
69,1879,54081,41.32
70,1879,54081,41.32
66,1880,44557,33.94
67,1880,44557,33.94
68,1880,44557,33.94
69,1880,44557,33.94
70,1880,44557,33.94
66,1881,53612,40.7
67,1881,53612,40.7
68,1881,53612,40.7
69,1881,53612,40.7
70,1881,53612,40.7
66,1891,53059,38.49
67,1891,53059,38.49
68,1891,53059,38.49
69,1891,53059,38.49
70,1891,53059,38.49
66,1894,53567,38.35
67,1894,53567,38.35
68,1894,53567,38.35
69,1894,53567,38.35
70,1894,53567,38.35
66,1901,47323,32.86
67,1901,47323,32.86
68,1901,47323,32.86
69,1901,47323,32.86
70,1901,47323,32.86
66,1911,42915,30.12
67,1911,42915,30.12
68,1911,42915,30.12
69,1911,42915,30.12
70,1911,42915,30.12
66,1921,50615,35.51
67,1921,50615,35.51
68,1921,50615,35.51
69,1921,50615,35.51
70,1921,50615,35.51
66,1931,45029,29.83
67,1931,45029,29.83
68,1931,45029,29.83
69,1931,45029,29.83
70,1931,45029,29.83
76,1863,21451,43.21
77,1863,21451,43.21
76,1864,20795,41.74
77,1864,20795,41.74
76,1865,21308,42.62
77,1865,21308,42.62
76,1866,22033,43.91
77,1866,22033,43.91
76,1867,22013,43.72
77,1867,22013,43.72
76,1868,20483,40.54
77,1868,20483,40.54
76,1869,20266,39.97
77,1869,20266,39.97
76,1870,20123,39.55
77,1870,20123,39.55
76,1871,18951,37.12
77,1871,18951,37.12
76,1872,22037,43.04
77,1872,22037,43.04
76,1873,20868,40.65
77,1873,20868,40.65
76,1874,19374,37.64
77,1874,19374,37.64
76,1875,20942,40.57
77,1875,20942,40.57
76,1876,21632,41.8
77,1876,21632,41.8
76,1877,22584,43.52
77,1877,22584,43.52
76,1878,21982,42.25
77,1878,21982,42.25
76,1879,22587,43.29
77,1879,22587,43.29
76,1880,20339,38.88
77,1880,20339,38.88
76,1881,22959,43.77
77,1881,22959,43.77
76,1891,21069,41.53
77,1891,21069,41.53
76,1894,19480,38.79
77,1894,19480,38.79
76,1901,16928,34.53
77,1901,16928,34.53
76,1911,16884,35.95
77,1911,16884,35.95
76,1921,17750,38.0
77,1921,17750,38.0
76,1931,17806,35.28
77,1931,17806,35.28
78,1863,45526,39.26
79,1863,45526,39.26
80,1863,45526,39.26
78,1864,44060,37.79
79,1864,44060,37.79
80,1864,44060,37.79
78,1865,45711,39.0
79,1865,45711,39.0
80,1865,45711,39.0
78,1866,47104,39.98
79,1866,47104,39.98
80,1866,47104,39.98
78,1867,43496,36.71
79,1867,43496,36.71
80,1867,43496,36.71
78,1868,40903,34.35
79,1868,40903,34.35
80,1868,40903,34.35
78,1869,43710,36.51
79,1869,43710,36.51
80,1869,43710,36.51
78,1870,47003,39.06
79,1870,47003,39.06
80,1870,47003,39.06
78,1871,44286,36.61
79,1871,44286,36.61
80,1871,44286,36.61
78,1872,48207,39.69
79,1872,48207,39.69
80,1872,48207,39.69
78,1873,47106,38.63
79,1873,47106,38.63
80,1873,47106,38.63
78,1874,45027,36.78
79,1874,45027,36.78
80,1874,45027,36.78
78,1875,45434,36.97
79,1875,45434,36.97
80,1875,45434,36.97
78,1876,49556,40.17
79,1876,49556,40.17
80,1876,49556,40.17
78,1877,48675,39.3
79,1877,48675,39.3
80,1877,48675,39.3
78,1878,43812,35.23
79,1878,43812,35.23
80,1878,43812,35.23
78,1879,47078,37.71
79,1879,47078,37.71
80,1879,47078,37.71
78,1880,42350,33.8
79,1880,42350,33.8
80,1880,42350,33.8
78,1881,47924,38.1
79,1881,47924,38.1
80,1881,47924,38.1
78,1891,52698,40.12
79,1891,52698,40.12
80,1891,52698,40.12
78,1894,51297,38.56
79,1894,51297,38.56
80,1894,51297,38.56
78,1901,45221,33.03
79,1901,45221,33.03
80,1901,45221,33.03
78,1911,48199,34.67
79,1911,48199,34.67
80,1911,48199,34.67
78,1921,54785,37.03
79,1921,54785,37.03
80,1921,54785,37.03
78,1931,54442,32.66
79,1931,54442,32.66
80,1931,54442,32.66
61,1863,101714,38.98
62,1863,101714,38.98
63,1863,101714,38.98
64,1863,101714,38.98
65,1863,101714,38.98
61,1864,100785,38.35
62,1864,100785,38.35
63,1864,100785,38.35
64,1864,100785,38.35
65,1864,100785,38.35
61,1865,102599,38.78
62,1865,102599,38.78
63,1865,102599,38.78
64,1865,102599,38.78
65,1865,102599,38.78
61,1866,101559,38.12
62,1866,101559,38.12
63,1866,101559,38.12
64,1866,101559,38.12
65,1866,101559,38.12
61,1867,100092,37.32
62,1867,100092,37.32
63,1867,100092,37.32
64,1867,100092,37.32
65,1867,100092,37.32
61,1868,90849,33.64
62,1868,90849,33.64
63,1868,90849,33.64
64,1868,90849,33.64
65,1868,90849,33.64
61,1869,100381,36.93
62,1869,100381,36.93
63,1869,100381,36.93
64,1869,100381,36.93
65,1869,100381,36.93
61,1870,99920,36.52
62,1870,99920,36.52
63,1870,99920,36.52
64,1870,99920,36.52
65,1870,99920,36.52
61,1871,98783,35.86
62,1871,98783,35.86
63,1871,98783,35.86
64,1871,98783,35.86
65,1871,98783,35.86
61,1872,107612,38.87
62,1872,107612,38.87
63,1872,107612,38.87
64,1872,107612,38.87
65,1872,107612,38.87
61,1873,100139,35.98
62,1873,100139,35.98
63,1873,100139,35.98
64,1873,100139,35.98
65,1873,100139,35.98
61,1874,95395,34.11
62,1874,95395,34.11
63,1874,95395,34.11
64,1874,95395,34.11
65,1874,95395,34.11
61,1875,105965,37.69
62,1875,105965,37.69
63,1875,105965,37.69
64,1875,105965,37.69
65,1875,105965,37.69
61,1876,109900,38.89
62,1876,109900,38.89
63,1876,109900,38.89
64,1876,109900,38.89
65,1876,109900,38.89
61,1877,108830,38.33
62,1877,108830,38.33
63,1877,108830,38.33
64,1877,108830,38.33
65,1877,108830,38.33
61,1878,100571,35.24
62,1878,100571,35.24
63,1878,100571,35.24
64,1878,100571,35.24
65,1878,100571,35.24
61,1879,109143,38.05
62,1879,109143,38.05
63,1879,109143,38.05
64,1879,109143,38.05
65,1879,109143,38.05
61,1880,96424,33.46
62,1880,96424,33.46
63,1880,96424,33.46
64,1880,96424,33.46
65,1880,96424,33.46
61,1881,109047,37.65
62,1881,109047,37.65
63,1881,109047,37.65
64,1881,109047,37.65
65,1881,109047,37.65
61,1891,117241,38.73
62,1891,117241,38.73
63,1891,117241,38.73
64,1891,117241,38.73
65,1891,117241,38.73
61,1894,112528,36.7
62,1894,112528,36.7
63,1894,112528,36.7
64,1894,112528,36.7
65,1894,112528,36.7
61,1901,97543,30.89
62,1901,97543,30.89
63,1901,97543,30.89
64,1901,97543,30.89
65,1901,97543,30.89
61,1911,102162,31.02
62,1911,102162,31.02
63,1911,102162,31.02
64,1911,102162,31.02
65,1911,102162,31.02
61,1921,120717,34.28
62,1921,120717,34.28
63,1921,120717,34.28
64,1921,120717,34.28
65,1921,120717,34.28
61,1931,110014,31.58
62,1931,110014,31.58
63,1931,110014,31.58
64,1931,110014,31.58
65,1931,110014,31.58
33,1863,80959,39.92
34,1863,80959,39.92
35,1863,80959,39.92
36,1863,80959,39.92
37,1863,80959,39.92
38,1863,80959,39.92
39,1863,80959,39.92
40,1863,80959,39.92
33,1864,74237,36.41
34,1864,74237,36.41
35,1864,74237,36.41
36,1864,74237,36.41
37,1864,74237,36.41
38,1864,74237,36.41
39,1864,74237,36.41
40,1864,74237,36.41
33,1865,76482,37.31
34,1865,76482,37.31
35,1865,76482,37.31
36,1865,76482,37.31
37,1865,76482,37.31
38,1865,76482,37.31
39,1865,76482,37.31
40,1865,76482,37.31
33,1866,77892,37.8
34,1866,77892,37.8
35,1866,77892,37.8
36,1866,77892,37.8
37,1866,77892,37.8
38,1866,77892,37.8
39,1866,77892,37.8
40,1866,77892,37.8
33,1867,72090,34.8
34,1867,72090,34.8
35,1867,72090,34.8
36,1867,72090,34.8
37,1867,72090,34.8
38,1867,72090,34.8
39,1867,72090,34.8
40,1867,72090,34.8
33,1868,73236,35.17
34,1868,73236,35.17
35,1868,73236,35.17
36,1868,73236,35.17
37,1868,73236,35.17
38,1868,73236,35.17
39,1868,73236,35.17
40,1868,73236,35.17
33,1869,74813,35.74
34,1869,74813,35.74
35,1869,74813,35.74
36,1869,74813,35.74
37,1869,74813,35.74
38,1869,74813,35.74
39,1869,74813,35.74
40,1869,74813,35.74
33,1870,75559,35.91
34,1870,75559,35.91
35,1870,75559,35.91
36,1870,75559,35.91
37,1870,75559,35.91
38,1870,75559,35.91
39,1870,75559,35.91
40,1870,75559,35.91
33,1871,73752,34.87
34,1871,73752,34.87
35,1871,73752,34.87
36,1871,73752,34.87
37,1871,73752,34.87
38,1871,73752,34.87
39,1871,73752,34.87
40,1871,73752,34.87
33,1872,73995,34.87
34,1872,73995,34.87
35,1872,73995,34.87
36,1872,73995,34.87
37,1872,73995,34.87
38,1872,73995,34.87
39,1872,73995,34.87
40,1872,73995,34.87
33,1873,72939,34.26
34,1873,72939,34.26
35,1873,72939,34.26
36,1873,72939,34.26
37,1873,72939,34.26
38,1873,72939,34.26
39,1873,72939,34.26
40,1873,72939,34.26
33,1874,69133,32.37
34,1874,69133,32.37
35,1874,69133,32.37
36,1874,69133,32.37
37,1874,69133,32.37
38,1874,69133,32.37
39,1874,69133,32.37
40,1874,69133,32.37
33,1875,77127,36.0
34,1875,77127,36.0
35,1875,77127,36.0
36,1875,77127,36.0
37,1875,77127,36.0
38,1875,77127,36.0
39,1875,77127,36.0
40,1875,77127,36.0
33,1876,83175,38.7
34,1876,83175,38.7
35,1876,83175,38.7
36,1876,83175,38.7
37,1876,83175,38.7
38,1876,83175,38.7
39,1876,83175,38.7
40,1876,83175,38.7
33,1877,76076,35.29
34,1877,76076,35.29
35,1877,76076,35.29
36,1877,76076,35.29
37,1877,76076,35.29
38,1877,76076,35.29
39,1877,76076,35.29
40,1877,76076,35.29
33,1878,72909,33.71
34,1878,72909,33.71
35,1878,72909,33.71
36,1878,72909,33.71
37,1878,72909,33.71
38,1878,72909,33.71
39,1878,72909,33.71
40,1878,72909,33.71
33,1879,80186,36.96
34,1879,80186,36.96
35,1879,80186,36.96
36,1879,80186,36.96
37,1879,80186,36.96
38,1879,80186,36.96
39,1879,80186,36.96
40,1879,80186,36.96
33,1880,69443,31.91
34,1880,69443,31.91
35,1880,69443,31.91
36,1880,69443,31.91
37,1880,69443,31.91
38,1880,69443,31.91
39,1880,69443,31.91
40,1880,69443,31.91
33,1881,79709,36.51
34,1881,79709,36.51
35,1881,79709,36.51
36,1881,79709,36.51
37,1881,79709,36.51
38,1881,79709,36.51
39,1881,79709,36.51
40,1881,79709,36.51
33,1891,84405,36.48
34,1891,84405,36.48
35,1891,84405,36.48
36,1891,84405,36.48
37,1891,84405,36.48
38,1891,84405,36.48
39,1891,84405,36.48
40,1891,84405,36.48
33,1894,84794,36.04
34,1894,84794,36.04
35,1894,84794,36.04
36,1894,84794,36.04
37,1894,84794,36.04
38,1894,84794,36.04
39,1894,84794,36.04
40,1894,84794,36.04
33,1901,81431,33.32
34,1901,81431,33.32
35,1901,81431,33.32
36,1901,81431,33.32
37,1901,81431,33.32
38,1901,81431,33.32
39,1901,81431,33.32
40,1901,81431,33.32
33,1911,91379,34.1
34,1911,91379,34.1
35,1911,91379,34.1
36,1911,91379,34.1
37,1911,91379,34.1
38,1911,91379,34.1
39,1911,91379,34.1
40,1911,91379,34.1
33,1921,90428,30.8
34,1921,90428,30.8
35,1921,90428,30.8
36,1921,90428,30.8
37,1921,90428,30.8
38,1921,90428,30.8
39,1921,90428,30.8
40,1921,90428,30.8
33,1931,69157,21.44
34,1931,69157,21.44
35,1931,69157,21.44
36,1931,69157,21.44
37,1931,69157,21.44
38,1931,69157,21.44
39,1931,69157,21.44
40,1931,69157,21.44
56,1872,29611,35.13
57,1872,29611,35.13
58,1872,29611,35.13
59,1872,29611,35.13
60,1872,29611,35.13
56,1873,28342,33.36
57,1873,28342,33.36
58,1873,28342,33.36
59,1873,28342,33.36
60,1873,28342,33.36
56,1874,28921,33.78
57,1874,28921,33.78
58,1874,28921,33.78
59,1874,28921,33.78
60,1874,28921,33.78
56,1875,29962,34.73
57,1875,29962,34.73
58,1875,29962,34.73
59,1875,29962,34.73
60,1875,29962,34.73
56,1876,30388,34.95
57,1876,30388,34.95
58,1876,30388,34.95
59,1876,30388,34.95
60,1876,30388,34.95
56,1877,29658,33.85
57,1877,29658,33.85
58,1877,29658,33.85
59,1877,29658,33.85
60,1877,29658,33.85
56,1878,29367,33.27
57,1878,29367,33.27
58,1878,29367,33.27
59,1878,29367,33.27
60,1878,29367,33.27
56,1879,30298,34.07
57,1879,30298,34.07
58,1879,30298,34.07
59,1879,30298,34.07
60,1879,30298,34.07
56,1880,26676,29.78
57,1880,26676,29.78
58,1880,26676,29.78
59,1880,26676,29.78
60,1880,26676,29.78
56,1881,31298,34.68
57,1881,31298,34.68
58,1881,31298,34.68
59,1881,31298,34.68
60,1881,31298,34.68
56,1891,37577,35.8
57,1891,37577,35.8
58,1891,37577,35.8
59,1891,37577,35.8
60,1891,37577,35.8
56,1894,36309,33.2
57,1894,36309,33.2
58,1894,36309,33.2
59,1894,36309,33.2
60,1894,36309,33.2
56,1901,33272,27.81
57,1901,33272,27.81
58,1901,33272,27.81
59,1901,33272,27.81
60,1901,33272,27.81
56,1911,38867,29.68
57,1911,38867,29.68
58,1911,38867,29.68
59,1911,38867,29.68
60,1911,38867,29.68
56,1921,45058,30.05
57,1921,45058,30.05
58,1921,45058,30.05
59,1921,45058,30.05
60,1921,45058,30.05
56,1931,60631,25.44
57,1931,60631,25.44
58,1931,60631,25.44
59,1931,60631,25.44
60,1931,60631,25.44
8,1863,28782,36.63
9,1863,28782,36.63
10,1863,28782,36.63
11,1863,28782,36.63
8,1864,29030,36.61
9,1864,29030,36.61
10,1864,29030,36.61
11,1864,29030,36.61
8,1865,30851,38.57
9,1865,30851,38.57
10,1865,30851,38.57
11,1865,30851,38.57
8,1866,31167,38.62
9,1866,31167,38.62
10,1866,31167,38.62
11,1866,31167,38.62
8,1867,29345,36.05
9,1867,29345,36.05
10,1867,29345,36.05
11,1867,29345,36.05
8,1868,28969,35.28
9,1868,28969,35.28
10,1868,28969,35.28
11,1868,28969,35.28
8,1869,29522,35.65
9,1869,29522,35.65
10,1869,29522,35.65
11,1869,29522,35.65
8,1870,28906,34.61
9,1870,28906,34.61
10,1870,28906,34.61
11,1870,28906,34.61
8,1871,29447,34.96
9,1871,29447,34.96
10,1871,29447,34.96
11,1871,29447,34.96
8,1872,29006,34.23
9,1872,29006,34.23
10,1872,29006,34.23
11,1872,29006,34.23
8,1873,28090,32.95
9,1873,28090,32.95
10,1873,28090,32.95
11,1873,28090,32.95
8,1874,28424,33.15
9,1874,28424,33.15
10,1874,28424,33.15
11,1874,28424,33.15
8,1875,30300,35.13
9,1875,30300,35.13
10,1875,30300,35.13
11,1875,30300,35.13
8,1876,31179,35.94
9,1876,31179,35.94
10,1876,31179,35.94
11,1876,31179,35.94
8,1877,29256,33.54
9,1877,29256,33.54
10,1877,29256,33.54
11,1877,29256,33.54
8,1878,29305,33.4
9,1878,29305,33.4
10,1878,29305,33.4
11,1878,29305,33.4
8,1879,30266,34.31
9,1879,30266,34.31
10,1879,30266,34.31
11,1879,30266,34.31
8,1880,27265,30.73
9,1880,27265,30.73
10,1880,27265,30.73
11,1880,27265,30.73
8,1881,30210,33.86
9,1881,30210,33.86
10,1881,30210,33.86
11,1881,30210,33.86
8,1891,32573,33.09
9,1891,32573,33.09
10,1891,32573,33.09
11,1891,32573,33.09
8,1894,30780,30.42
9,1894,30780,30.42
10,1894,30780,30.42
11,1894,30780,30.42
8,1901,29754,27.64
9,1901,29754,27.64
10,1901,29754,27.64
11,1901,29754,27.64
8,1911,29255,24.49
9,1911,29255,24.49
10,1911,29255,24.49
11,1911,29255,24.49
8,1921,27916,21.12
9,1921,27916,21.12
10,1921,27916,21.12
11,1921,27916,21.12
8,1931,22459,15.64
9,1931,22459,15.64
10,1931,22459,15.64
11,1931,22459,15.64
12,1863,128626,37.76
13,1863,128626,37.76
14,1863,128626,37.76
15,1863,128626,37.76
16,1863,128626,37.76
17,1863,128626,37.76
18,1863,128626,37.76
19,1863,128626,37.76
20,1863,128626,37.76
12,1864,125423,36.75
13,1864,125423,36.75
14,1864,125423,36.75
15,1864,125423,36.75
16,1864,125423,36.75
17,1864,125423,36.75
18,1864,125423,36.75
19,1864,125423,36.75
20,1864,125423,36.75
12,1865,124551,36.42
13,1865,124551,36.42
14,1865,124551,36.42
15,1865,124551,36.42
16,1865,124551,36.42
17,1865,124551,36.42
18,1865,124551,36.42
19,1865,124551,36.42
20,1865,124551,36.42
12,1866,132706,38.74
13,1866,132706,38.74
14,1866,132706,38.74
15,1866,132706,38.74
16,1866,132706,38.74
17,1866,132706,38.74
18,1866,132706,38.74
19,1866,132706,38.74
20,1866,132706,38.74
12,1867,122685,35.75
13,1867,122685,35.75
14,1867,122685,35.75
15,1867,122685,35.75
16,1867,122685,35.75
17,1867,122685,35.75
18,1867,122685,35.75
19,1867,122685,35.75
20,1867,122685,35.75
12,1868,126022,36.65
13,1868,126022,36.65
14,1868,126022,36.65
15,1868,126022,36.65
16,1868,126022,36.65
17,1868,126022,36.65
18,1868,126022,36.65
19,1868,126022,36.65
20,1868,126022,36.65
12,1869,126234,36.65
13,1869,126234,36.65
14,1869,126234,36.65
15,1869,126234,36.65
16,1869,126234,36.65
17,1869,126234,36.65
18,1869,126234,36.65
19,1869,126234,36.65
20,1869,126234,36.65
12,1870,127835,37.05
13,1870,127835,37.05
14,1870,127835,37.05
15,1870,127835,37.05
16,1870,127835,37.05
17,1870,127835,37.05
18,1870,127835,37.05
19,1870,127835,37.05
20,1870,127835,37.05
12,1871,130993,37.89
13,1871,130993,37.89
14,1871,130993,37.89
15,1871,130993,37.89
16,1871,130993,37.89
17,1871,130993,37.89
18,1871,130993,37.89
19,1871,130993,37.89
20,1871,130993,37.89
12,1872,131125,37.69
13,1872,131125,37.69
14,1872,131125,37.69
15,1872,131125,37.69
16,1872,131125,37.69
17,1872,131125,37.69
18,1872,131125,37.69
19,1872,131125,37.69
20,1872,131125,37.69
12,1873,128017,36.57
13,1873,128017,36.57
14,1873,128017,36.57
15,1873,128017,36.57
16,1873,128017,36.57
17,1873,128017,36.57
18,1873,128017,36.57
19,1873,128017,36.57
20,1873,128017,36.57
12,1874,124355,35.65
13,1874,124355,35.65
14,1874,124355,35.65
15,1874,124355,35.65
16,1874,124355,35.65
17,1874,124355,35.65
18,1874,124355,35.65
19,1874,124355,35.65
20,1874,124355,35.65
12,1875,135691,38.28
13,1875,135691,38.28
14,1875,135691,38.28
15,1875,135691,38.28
16,1875,135691,38.28
17,1875,135691,38.28
18,1875,135691,38.28
19,1875,135691,38.28
20,1875,135691,38.28
12,1876,142280,39.9
13,1876,142280,39.9
14,1876,142280,39.9
15,1876,142280,39.9
16,1876,142280,39.9
17,1876,142280,39.9
18,1876,142280,39.9
19,1876,142280,39.9
20,1876,142280,39.9
12,1877,134533,37.5
13,1877,134533,37.5
14,1877,134533,37.5
15,1877,134533,37.5
16,1877,134533,37.5
17,1877,134533,37.5
18,1877,134533,37.5
19,1877,134533,37.5
20,1877,134533,37.5
12,1878,137442,38.08
13,1878,137442,38.08
14,1878,137442,38.08
15,1878,137442,38.08
16,1878,137442,38.08
17,1878,137442,38.08
18,1878,137442,38.08
19,1878,137442,38.08
20,1878,137442,38.08
12,1879,137521,37.87
13,1879,137521,37.87
14,1879,137521,37.87
15,1879,137521,37.87
16,1879,137521,37.87
17,1879,137521,37.87
18,1879,137521,37.87
19,1879,137521,37.87
20,1879,137521,37.87
12,1880,128167,35.08
13,1880,128167,35.08
14,1880,128167,35.08
15,1880,128167,35.08
16,1880,128167,35.08
17,1880,128167,35.08
18,1880,128167,35.08
19,1880,128167,35.08
20,1880,128167,35.08
12,1881,136915,37.25
13,1881,136915,37.25
14,1881,136915,37.25
15,1881,136915,37.25
16,1881,136915,37.25
17,1881,136915,37.25
18,1881,136915,37.25
19,1881,136915,37.25
20,1881,136915,37.25
12,1891,143761,37.27
13,1891,143761,37.27
14,1891,143761,37.27
15,1891,143761,37.27
16,1891,143761,37.27
17,1891,143761,37.27
18,1891,143761,37.27
19,1891,143761,37.27
20,1891,143761,37.27
12,1894,138558,35.11
13,1894,138558,35.11
14,1894,138558,35.11
15,1894,138558,35.11
16,1894,138558,35.11
17,1894,138558,35.11
18,1894,138558,35.11
19,1894,138558,35.11
20,1894,138558,35.11
12,1901,150579,35.19
13,1901,150579,35.19
14,1901,150579,35.19
15,1901,150579,35.19
16,1901,150579,35.19
17,1901,150579,35.19
18,1901,150579,35.19
19,1901,150579,35.19
20,1901,150579,35.19
12,1911,157290,32.87
13,1911,157290,32.87
14,1911,157290,32.87
15,1911,157290,32.87
16,1911,157290,32.87
17,1911,157290,32.87
18,1911,157290,32.87
19,1911,157290,32.87
20,1911,157290,32.87
12,1921,143696,28.22
13,1921,143696,28.22
14,1921,143696,28.22
15,1921,143696,28.22
16,1921,143696,28.22
17,1921,143696,28.22
18,1921,143696,28.22
19,1921,143696,28.22
20,1921,143696,28.22
12,1931,124967,22.4
13,1931,124967,22.4
14,1931,124967,22.4
15,1931,124967,22.4
16,1931,124967,22.4
17,1931,124967,22.4
18,1931,124967,22.4
19,1931,124967,22.4
20,1931,124967,22.4
41,1863,32659,36.79
42,1863,32659,36.79
43,1863,32659,36.79
44,1863,32659,36.79
41,1864,32277,36.22
42,1864,32277,36.22
43,1864,32277,36.22
44,1864,32277,36.22
41,1865,31986,35.75
42,1865,31986,35.75
43,1865,31986,35.75
44,1865,31986,35.75
41,1866,33634,37.45
42,1866,33634,37.45
43,1866,33634,37.45
44,1866,33634,37.45
41,1867,31641,35.09
42,1867,31641,35.09
43,1867,31641,35.09
44,1867,31641,35.09
41,1868,30442,33.63
42,1868,30442,33.63
43,1868,30442,33.63
44,1868,30442,33.63
41,1869,32338,35.59
42,1869,32338,35.59
43,1869,32338,35.59
44,1869,32338,35.59
41,1870,30246,33.16
42,1870,30246,33.16
43,1870,30246,33.16
44,1870,30246,33.16
41,1871,31526,34.44
42,1871,31526,34.44
43,1871,31526,34.44
44,1871,31526,34.44
41,1872,30318,33.03
42,1872,30318,33.03
43,1872,30318,33.03
44,1872,30318,33.03
41,1873,31076,33.77
42,1873,31076,33.77
43,1873,31076,33.77
44,1873,31076,33.77
41,1874,28767,31.18
42,1874,28767,31.18
43,1874,28767,31.18
44,1874,28767,31.18
41,1875,30304,32.76
42,1875,30304,32.76
43,1875,30304,32.76
44,1875,30304,32.76
41,1876,33171,35.77
42,1876,33171,35.77
43,1876,33171,35.77
44,1876,33171,35.77
41,1877,31801,34.21
42,1877,31801,34.21
43,1877,31801,34.21
44,1877,31801,34.21
41,1878,32339,34.7
42,1878,32339,34.7
43,1878,32339,34.7
44,1878,32339,34.7
41,1879,33299,35.64
42,1879,33299,35.64
43,1879,33299,35.64
44,1879,33299,35.64
41,1880,30593,32.66
42,1880,30593,32.66
43,1880,30593,32.66
44,1880,30593,32.66
41,1881,35181,37.46
42,1881,35181,37.46
43,1881,35181,37.46
44,1881,35181,37.46
41,1891,36374,36.39
42,1891,36374,36.39
43,1891,36374,36.39
44,1891,36374,36.39
41,1894,38085,37.42
42,1894,38085,37.42
43,1894,38085,37.42
44,1894,38085,37.42
41,1901,34081,32.15
42,1901,34081,32.15
43,1901,34081,32.15
44,1901,34081,32.15
41,1911,35756,32.74
42,1911,35756,32.74
43,1911,35756,32.74
44,1911,35756,32.74
41,1921,37396,32.72
42,1921,37396,32.72
43,1921,37396,32.72
44,1921,37396,32.72
41,1931,31496,25.87
42,1931,31496,25.87
43,1931,31496,25.87
44,1931,31496,25.87
1,1863,102773,36.84
2,1863,102773,36.84
3,1863,102773,36.84
4,1863,102773,36.84
5,1863,102773,36.84
6,1863,102773,36.84
7,1863,102773,36.84
1,1864,103865,37.05
2,1864,103865,37.05
3,1864,103865,37.05
4,1864,103865,37.05
5,1864,103865,37.05
6,1864,103865,37.05
7,1864,103865,37.05
1,1865,105096,37.31
2,1865,105096,37.31
3,1865,105096,37.31
4,1865,105096,37.31
5,1865,105096,37.31
6,1865,105096,37.31
7,1865,105096,37.31
1,1866,107707,38.05
2,1866,107707,38.05
3,1866,107707,38.05
4,1866,107707,38.05
5,1866,107707,38.05
6,1866,107707,38.05
7,1866,107707,38.05
1,1867,98258,34.54
2,1867,98258,34.54
3,1867,98258,34.54
4,1867,98258,34.54
5,1867,98258,34.54
6,1867,98258,34.54
7,1867,98258,34.54
1,1868,98888,34.6
2,1868,98888,34.6
3,1868,98888,34.6
4,1868,98888,34.6
5,1868,98888,34.6
6,1868,98888,34.6
7,1868,98888,34.6
1,1869,101328,35.28
2,1869,101328,35.28
3,1869,101328,35.28
4,1869,101328,35.28
5,1869,101328,35.28
6,1869,101328,35.28
7,1869,101328,35.28
1,1870,100458,34.81
2,1870,100458,34.81
3,1870,100458,34.81
4,1870,100458,34.81
5,1870,100458,34.81
6,1870,100458,34.81
7,1870,100458,34.81
1,1871,105706,36.46
2,1871,105706,36.46
3,1871,105706,36.46
4,1871,105706,36.46
5,1871,105706,36.46
6,1871,105706,36.46
7,1871,105706,36.46
1,1872,104343,35.78
2,1872,104343,35.78
3,1872,104343,35.78
4,1872,104343,35.78
5,1872,104343,35.78
6,1872,104343,35.78
7,1872,104343,35.78
1,1873,98561,33.6
2,1873,98561,33.6
3,1873,98561,33.6
4,1873,98561,33.6
5,1873,98561,33.6
6,1873,98561,33.6
7,1873,98561,33.6
1,1874,97998,33.21
2,1874,97998,33.21
3,1874,97998,33.21
4,1874,97998,33.21
5,1874,97998,33.21
6,1874,97998,33.21
7,1874,97998,33.21
1,1875,108776,36.65
2,1875,108776,36.65
3,1875,108776,36.65
4,1875,108776,36.65
5,1875,108776,36.65
6,1875,108776,36.65
7,1875,108776,36.65
1,1876,110871,37.15
2,1876,110871,37.15
3,1876,110871,37.15
4,1876,110871,37.15
5,1876,110871,37.15
6,1876,110871,37.15
7,1876,110871,37.15
1,1877,105688,35.21
2,1877,105688,35.21
3,1877,105688,35.21
4,1877,105688,35.21
5,1877,105688,35.21
6,1877,105688,35.21
7,1877,105688,35.21
1,1878,107397,35.58
2,1878,107397,35.58
3,1878,107397,35.58
4,1878,107397,35.58
5,1878,107397,35.58
6,1878,107397,35.58
7,1878,107397,35.58
1,1879,109928,36.21
2,1879,109928,36.21
3,1879,109928,36.21
4,1879,109928,36.21
5,1879,109928,36.21
6,1879,109928,36.21
7,1879,109928,36.21
1,1880,103671,33.96
2,1880,103671,33.96
3,1880,103671,33.96
4,1880,103671,33.96
5,1880,103671,33.96
6,1880,103671,33.96
7,1880,103671,33.96
1,1881,111231,36.23
2,1881,111231,36.23
3,1881,111231,36.23
4,1881,111231,36.23
5,1881,111231,36.23
6,1881,111231,36.23
7,1881,111231,36.23
1,1891,105389,33.02
2,1891,105389,33.02
3,1891,105389,33.02
4,1891,105389,33.02
5,1891,105389,33.02
6,1891,105389,33.02
7,1891,105389,33.02
1,1894,101077,31.31
2,1894,101077,31.31
3,1894,101077,31.31
4,1894,101077,31.31
5,1894,101077,31.31
6,1894,101077,31.31
7,1894,101077,31.31
1,1901,97603,29.45
2,1901,97603,29.45
3,1901,97603,29.45
4,1901,97603,29.45
5,1901,97603,29.45
6,1901,97603,29.45
7,1901,97603,29.45
1,1911,81257,23.82
2,1911,81257,23.82
3,1911,81257,23.82
4,1911,81257,23.82
5,1911,81257,23.82
6,1911,81257,23.82
7,1911,81257,23.82
1,1921,68413,20.28
2,1921,68413,20.28
3,1921,68413,20.28
4,1921,68413,20.28
5,1921,68413,20.28
6,1921,68413,20.28
7,1921,68413,20.28
1,1931,57377,16.4
2,1931,57377,16.4
3,1931,57377,16.4
4,1931,57377,16.4
5,1931,57377,16.4
6,1931,57377,16.4
7,1931,57377,16.4
71,1863,55655,41.63
72,1863,55655,41.63
73,1863,55655,41.63
74,1863,55655,41.63
75,1863,55655,41.63
71,1864,55135,40.92
72,1864,55135,40.92
73,1864,55135,40.92
74,1864,55135,40.92
75,1864,55135,40.92
71,1865,56571,41.66
72,1865,56571,41.66
73,1865,56571,41.66
74,1865,56571,41.66
75,1865,56571,41.66
71,1866,59132,43.21
72,1866,59132,43.21
73,1866,59132,43.21
74,1866,59132,43.21
75,1866,59132,43.21
71,1867,54063,39.21
72,1867,54063,39.21
73,1867,54063,39.21
74,1867,54063,39.21
75,1867,54063,39.21
71,1868,54378,39.14
72,1868,54378,39.14
73,1868,54378,39.14
74,1868,54378,39.14
75,1868,54378,39.14
71,1869,56999,40.71
72,1869,56999,40.71
73,1869,56999,40.71
74,1869,56999,40.71
75,1869,56999,40.71
71,1870,57427,40.71
72,1870,57427,40.71
73,1870,57427,40.71
74,1870,57427,40.71
75,1870,57427,40.71
71,1871,54283,38.2
72,1871,54283,38.2
73,1871,54283,38.2
74,1871,54283,38.2
75,1871,54283,38.2
71,1872,61754,42.95
72,1872,61754,42.95
73,1872,61754,42.95
74,1872,61754,42.95
75,1872,61754,42.95
71,1873,57784,39.73
72,1873,57784,39.73
73,1873,57784,39.73
74,1873,57784,39.73
75,1873,57784,39.73
71,1874,53918,36.64
72,1874,53918,36.64
73,1874,53918,36.64
74,1874,53918,36.64
75,1874,53918,36.64
71,1875,60687,40.78
72,1875,60687,40.78
73,1875,60687,40.78
74,1875,60687,40.78
75,1875,60687,40.78
71,1876,64618,42.94
72,1876,64618,42.94
73,1876,64618,42.94
74,1876,64618,42.94
75,1876,64618,42.94
71,1877,60291,39.62
72,1877,60291,39.62
73,1877,60291,39.62
74,1877,60291,39.62
75,1877,60291,39.62
71,1878,63108,41.02
72,1878,63108,41.02
73,1878,63108,41.02
74,1878,63108,41.02
75,1878,63108,41.02
71,1879,64929,41.75
72,1879,64929,41.75
73,1879,64929,41.75
74,1879,64929,41.75
75,1879,64929,41.75
71,1880,63874,40.63
72,1880,63874,40.63
73,1880,63874,40.63
74,1880,63874,40.63
75,1880,63874,40.63
71,1881,68123,42.88
72,1881,68123,42.88
73,1881,68123,42.88
74,1881,68123,42.88
75,1881,68123,42.88
71,1891,74866,42.23
72,1891,74866,42.23
73,1891,74866,42.23
74,1891,74866,42.23
75,1891,74866,42.23
71,1894,73409,40.16
72,1894,73409,40.16
73,1894,73409,40.16
74,1894,73409,40.16
75,1894,73409,40.16
71,1901,66929,34.21
72,1901,66929,34.21
73,1901,66929,34.21
74,1901,66929,34.21
75,1901,66929,34.21
71,1911,77939,36.63
72,1911,77939,36.63
73,1911,77939,36.63
74,1911,77939,36.63
75,1911,77939,36.63
71,1921,82442,36.19
72,1921,82442,36.19
73,1921,82442,36.19
74,1921,82442,36.19
75,1921,82442,36.19
71,1931,81766,32.89
72,1931,81766,32.89
73,1931,81766,32.89
74,1931,81766,32.89
75,1931,81766,32.89
90,1863,22070,36.92
91,1863,22070,36.92
92,1863,22070,36.92
90,1864,22788,37.81
91,1864,22788,37.81
92,1864,22788,37.81
90,1865,23208,38.2
91,1865,23208,38.2
92,1865,23208,38.2
90,1866,23864,38.97
91,1866,23864,38.97
92,1866,23864,38.97
90,1867,23593,38.23
91,1867,23593,38.23
92,1867,23593,38.23
90,1868,21547,34.64
91,1868,21547,34.64
92,1868,21547,34.64
90,1869,23764,37.91
91,1869,23764,37.91
92,1869,23764,37.91
90,1870,24145,38.22
91,1870,24145,38.22
92,1870,24145,38.22
90,1871,23200,36.44
91,1871,23200,36.44
92,1871,23200,36.44
90,1872,24833,38.73
91,1872,24833,38.73
92,1872,24833,38.73
90,1873,24607,38.11
91,1873,24607,38.11
92,1873,24607,38.11
90,1874,24758,38.08
91,1874,24758,38.08
92,1874,24758,38.08
90,1875,24914,38.06
91,1875,24914,38.06
92,1875,24914,38.06
90,1876,24933,37.82
91,1876,24933,37.82
92,1876,24933,37.82
90,1877,24976,37.64
91,1877,24976,37.64
92,1877,24976,37.64
90,1878,23911,35.79
91,1878,23911,35.79
92,1878,23911,35.79
90,1879,24645,36.64
91,1879,24645,36.64
92,1879,24645,36.64
90,1880,23707,35.01
91,1880,23707,35.01
92,1880,23707,35.01
90,1881,24840,36.44
91,1881,24840,36.44
92,1881,24840,36.44
90,1891,25368,34.46
91,1891,25368,34.46
92,1891,25368,34.46
90,1894,24989,33.2
91,1894,24989,33.2
92,1894,24989,33.2
90,1901,24588,31.1
91,1901,24588,31.1
92,1901,24588,31.1
90,1911,27282,32.08
91,1911,27282,32.08
92,1911,27282,32.08
90,1921,26201,30.59
91,1921,26201,30.59
92,1921,26201,30.59
90,1931,28086,28.88
91,1931,28086,28.88
92,1931,28086,28.88
81,1863,99641,42.75
82,1863,99641,42.75
83,1863,99641,42.75
84,1863,99641,42.75
85,1863,99641,42.75
86,1863,99641,42.75
87,1863,99641,42.75
88,1863,99641,42.75
89,1863,99641,42.75
81,1864,101262,42.9
82,1864,101262,42.9
83,1864,101262,42.9
84,1864,101262,42.9
85,1864,101262,42.9
86,1864,101262,42.9
87,1864,101262,42.9
88,1864,101262,42.9
89,1864,101262,42.9
81,1865,101754,42.58
82,1865,101754,42.58
83,1865,101754,42.58
84,1865,101754,42.58
85,1865,101754,42.58
86,1865,101754,42.58
87,1865,101754,42.58
88,1865,101754,42.58
89,1865,101754,42.58
81,1866,98188,40.58
82,1866,98188,40.58
83,1866,98188,40.58
84,1866,98188,40.58
85,1866,98188,40.58
86,1866,98188,40.58
87,1866,98188,40.58
88,1866,98188,40.58
89,1866,98188,40.58
81,1867,88918,36.31
82,1867,88918,36.31
83,1867,88918,36.31
84,1867,88918,36.31
85,1867,88918,36.31
86,1867,88918,36.31
87,1867,88918,36.31
88,1867,88918,36.31
89,1867,88918,36.31
81,1868,82212,33.17
82,1868,82212,33.17
83,1868,82212,33.17
84,1868,82212,33.17
85,1868,82212,33.17
86,1868,82212,33.17
87,1868,82212,33.17
88,1868,82212,33.17
89,1868,82212,33.17
81,1869,94689,37.75
82,1869,94689,37.75
83,1869,94689,37.75
84,1869,94689,37.75
85,1869,94689,37.75
86,1869,94689,37.75
87,1869,94689,37.75
88,1869,94689,37.75
89,1869,94689,37.75
81,1870,98777,38.92
82,1870,98777,38.92
83,1870,98777,38.92
84,1870,98777,38.92
85,1870,98777,38.92
86,1870,98777,38.92
87,1870,98777,38.92
88,1870,98777,38.92
89,1870,98777,38.92
81,1871,98831,38.49
82,1871,98831,38.49
83,1871,98831,38.49
84,1871,98831,38.49
85,1871,98831,38.49
86,1871,98831,38.49
87,1871,98831,38.49
88,1871,98831,38.49
89,1871,98831,38.49
81,1872,108608,41.72
82,1872,108608,41.72
83,1872,108608,41.72
84,1872,108608,41.72
85,1872,108608,41.72
86,1872,108608,41.72
87,1872,108608,41.72
88,1872,108608,41.72
89,1872,108608,41.72
81,1873,105628,40.02
82,1873,105628,40.02
83,1873,105628,40.02
84,1873,105628,40.02
85,1873,105628,40.02
86,1873,105628,40.02
87,1873,105628,40.02
88,1873,105628,40.02
89,1873,105628,40.02
81,1874,101975,37.97
82,1874,101975,37.97
83,1874,101975,37.97
84,1874,101975,37.97
85,1874,101975,37.97
86,1874,101975,37.97
87,1874,101975,37.97
88,1874,101975,37.97
89,1874,101975,37.97
81,1875,109932,40.54
82,1875,109932,40.54
83,1875,109932,40.54
84,1875,109932,40.54
85,1875,109932,40.54
86,1875,109932,40.54
87,1875,109932,40.54
88,1875,109932,40.54
89,1875,109932,40.54
81,1876,115101,41.89
82,1876,115101,41.89
83,1876,115101,41.89
84,1876,115101,41.89
85,1876,115101,41.89
86,1876,115101,41.89
87,1876,115101,41.89
88,1876,115101,41.89
89,1876,115101,41.89
81,1877,112919,40.57
82,1877,112919,40.57
83,1877,112919,40.57
84,1877,112919,40.57
85,1877,112919,40.57
86,1877,112919,40.57
87,1877,112919,40.57
88,1877,112919,40.57
89,1877,112919,40.57
81,1878,110940,39.35
82,1878,110940,39.35
83,1878,110940,39.35
84,1878,110940,39.35
85,1878,110940,39.35
86,1878,110940,39.35
87,1878,110940,39.35
88,1878,110940,39.35
89,1878,110940,39.35
81,1879,115370,40.41
82,1879,115370,40.41
83,1879,115370,40.41
84,1879,115370,40.41
85,1879,115370,40.41
86,1879,115370,40.41
87,1879,115370,40.41
88,1879,115370,40.41
89,1879,115370,40.41
81,1880,107585,37.21
82,1880,107585,37.21
83,1880,107585,37.21
84,1880,107585,37.21
85,1880,107585,37.21
86,1880,107585,37.21
87,1880,107585,37.21
88,1880,107585,37.21
89,1880,107585,37.21
81,1881,119418,40.8
82,1881,119418,40.8
83,1881,119418,40.8
84,1881,119418,40.8
85,1881,119418,40.8
86,1881,119418,40.8
87,1881,119418,40.8
88,1881,119418,40.8
89,1881,119418,40.8
81,1891,133816,41.48
82,1891,133816,41.48
83,1891,133816,41.48
84,1891,133816,41.48
85,1891,133816,41.48
86,1891,133816,41.48
87,1891,133816,41.48
88,1891,133816,41.48
89,1891,133816,41.48
81,1894,120725,36.42
82,1894,120725,36.42
83,1894,120725,36.42
84,1894,120725,36.42
85,1894,120725,36.42
86,1894,120725,36.42
87,1894,120725,36.42
88,1894,120725,36.42
89,1894,120725,36.42
81,1901,120875,34.3
82,1901,120875,34.3
83,1901,120875,34.3
84,1901,120875,34.3
85,1901,120875,34.3
86,1901,120875,34.3
87,1901,120875,34.3
88,1901,120875,34.3
89,1901,120875,34.3
81,1911,118612,32.62
82,1911,118612,32.62
83,1911,118612,32.62
84,1911,118612,32.62
85,1911,118612,32.62
86,1911,118612,32.62
87,1911,118612,32.62
88,1911,118612,32.62
89,1911,118612,32.62
81,1921,111072,27.61
82,1921,111072,27.61
83,1921,111072,27.61
84,1921,111072,27.61
85,1921,111072,27.61
86,1921,111072,27.61
87,1921,111072,27.61
88,1921,111072,27.61
89,1921,111072,27.61
81,1931,108747,27.93
82,1931,108747,27.93
83,1931,108747,27.93
84,1931,108747,27.93
85,1931,108747,27.93
86,1931,108747,27.93
87,1931,108747,27.93
88,1931,108747,27.93
89,1931,108747,27.93
45,1863,83666,41.8
46,1863,83666,41.8
47,1863,83666,41.8
48,1863,83666,41.8
49,1863,83666,41.8
50,1863,83666,41.8
51,1863,83666,41.8
52,1863,83666,41.8
53,1863,83666,41.8
45,1864,78088,38.67
46,1864,78088,38.67
47,1864,78088,38.67
48,1864,78088,38.67
49,1864,78088,38.67
50,1864,78088,38.67
51,1864,78088,38.67
52,1864,78088,38.67
53,1864,78088,38.67
45,1865,82243,40.38
46,1865,82243,40.38
47,1865,82243,40.38
48,1865,82243,40.38
49,1865,82243,40.38
50,1865,82243,40.38
51,1865,82243,40.38
52,1865,82243,40.38
53,1865,82243,40.38
45,1866,81975,39.91
46,1866,81975,39.91
47,1866,81975,39.91
48,1866,81975,39.91
49,1866,81975,39.91
50,1866,81975,39.91
51,1866,81975,39.91
52,1866,81975,39.91
53,1866,81975,39.91
45,1867,83584,40.35
46,1867,83584,40.35
47,1867,83584,40.35
48,1867,83584,40.35
49,1867,83584,40.35
50,1867,83584,40.35
51,1867,83584,40.35
52,1867,83584,40.35
53,1867,83584,40.35
45,1868,78438,37.55
46,1868,78438,37.55
47,1868,78438,37.55
48,1868,78438,37.55
49,1868,78438,37.55
50,1868,78438,37.55
51,1868,78438,37.55
52,1868,78438,37.55
53,1868,78438,37.55
45,1869,81862,38.87
46,1869,81862,38.87
47,1869,81862,38.87
48,1869,81862,38.87
49,1869,81862,38.87
50,1869,81862,38.87
51,1869,81862,38.87
52,1869,81862,38.87
53,1869,81862,38.87
45,1870,80674,37.99
46,1870,80674,37.99
47,1870,80674,37.99
48,1870,80674,37.99
49,1870,80674,37.99
50,1870,80674,37.99
51,1870,80674,37.99
52,1870,80674,37.99
53,1870,80674,37.99
45,1871,83598,39.05
46,1871,83598,39.05
47,1871,83598,39.05
48,1871,83598,39.05
49,1871,83598,39.05
50,1871,83598,39.05
51,1871,83598,39.05
52,1871,83598,39.05
53,1871,83598,39.05
45,1872,81153,37.79
46,1872,81153,37.79
47,1872,81153,37.79
48,1872,81153,37.79
49,1872,81153,37.79
50,1872,81153,37.79
51,1872,81153,37.79
52,1872,81153,37.79
53,1872,81153,37.79
45,1873,78169,36.28
46,1873,78169,36.28
47,1873,78169,36.28
48,1873,78169,36.28
49,1873,78169,36.28
50,1873,78169,36.28
51,1873,78169,36.28
52,1873,78169,36.28
53,1873,78169,36.28
45,1874,77606,35.91
46,1874,77606,35.91
47,1874,77606,35.91
48,1874,77606,35.91
49,1874,77606,35.91
50,1874,77606,35.91
51,1874,77606,35.91
52,1874,77606,35.91
53,1874,77606,35.91
45,1875,82490,38.05
46,1875,82490,38.05
47,1875,82490,38.05
48,1875,82490,38.05
49,1875,82490,38.05
50,1875,82490,38.05
51,1875,82490,38.05
52,1875,82490,38.05
53,1875,82490,38.05
45,1876,82801,38.07
46,1876,82801,38.07
47,1876,82801,38.07
48,1876,82801,38.07
49,1876,82801,38.07
50,1876,82801,38.07
51,1876,82801,38.07
52,1876,82801,38.07
53,1876,82801,38.07
45,1877,77823,35.67
46,1877,77823,35.67
47,1877,77823,35.67
48,1877,77823,35.67
49,1877,77823,35.67
50,1877,77823,35.67
51,1877,77823,35.67
52,1877,77823,35.67
53,1877,77823,35.67
45,1878,73516,33.59
46,1878,73516,33.59
47,1878,73516,33.59
48,1878,73516,33.59
49,1878,73516,33.59
50,1878,73516,33.59
51,1878,73516,33.59
52,1878,73516,33.59
53,1878,73516,33.59
45,1879,81054,36.93
46,1879,81054,36.93
47,1879,81054,36.93
48,1879,81054,36.93
49,1879,81054,36.93
50,1879,81054,36.93
51,1879,81054,36.93
52,1879,81054,36.93
53,1879,81054,36.93
45,1880,68319,31.03
46,1880,68319,31.03
47,1880,68319,31.03
48,1880,68319,31.03
49,1880,68319,31.03
50,1880,68319,31.03
51,1880,68319,31.03
52,1880,68319,31.03
53,1880,68319,31.03
45,1881,82752,37.47
46,1881,82752,37.47
47,1881,82752,37.47
48,1881,82752,37.47
49,1881,82752,37.47
50,1881,82752,37.47
51,1881,82752,37.47
52,1881,82752,37.47
53,1881,82752,37.47
45,1891,81720,34.37
46,1891,81720,34.37
47,1891,81720,34.37
48,1891,81720,34.37
49,1891,81720,34.37
50,1891,81720,34.37
51,1891,81720,34.37
52,1891,81720,34.37
53,1891,81720,34.37
45,1894,82448,33.95
46,1894,82448,33.95
47,1894,82448,33.95
48,1894,82448,33.95
49,1894,82448,33.95
50,1894,82448,33.95
51,1894,82448,33.95
52,1894,82448,33.95
53,1894,82448,33.95
45,1901,77713,30.51
46,1901,77713,30.51
47,1901,77713,30.51
48,1901,77713,30.51
49,1901,77713,30.51
50,1901,77713,30.51
51,1901,77713,30.51
52,1901,77713,30.51
53,1901,77713,30.51
45,1911,75521,28.04
46,1911,75521,28.04
47,1911,75521,28.04
48,1911,75521,28.04
49,1911,75521,28.04
50,1911,75521,28.04
51,1911,75521,28.04
52,1911,75521,28.04
53,1911,75521,28.04
45,1921,80833,28.73
46,1921,80833,28.73
47,1921,80833,28.73
48,1921,80833,28.73
49,1921,80833,28.73
50,1921,80833,28.73
51,1921,80833,28.73
52,1921,80833,28.73
53,1921,80833,28.73
45,1931,56443,19.52
46,1931,56443,19.52
47,1931,56443,19.52
48,1931,56443,19.52
49,1931,56443,19.52
50,1931,56443,19.52
51,1931,56443,19.52
52,1931,56443,19.52
53,1931,56443,19.52
54,1863,18318,35.26
55,1863,18318,35.26
54,1864,18636,35.62
55,1864,18636,35.62
54,1865,17779,33.74
55,1865,17779,33.74
54,1866,19478,36.7
55,1866,19478,36.7
54,1867,19005,35.55
55,1867,19005,35.55
54,1868,17418,32.36
55,1868,17418,32.36
54,1869,19003,35.06
55,1869,19003,35.06
54,1870,18048,33.07
55,1870,18048,33.07
54,1871,18299,33.3
55,1871,18299,33.3
54,1872,19057,34.53
55,1872,19057,34.53
54,1873,17984,32.46
55,1873,17984,32.46
54,1874,18041,32.43
55,1874,18041,32.43
54,1875,18770,33.6
55,1875,18770,33.6
54,1876,19811,35.32
55,1876,19811,35.32
54,1877,18324,32.54
55,1877,18324,32.54
54,1878,17839,31.56
55,1878,17839,31.56
54,1879,19483,34.33
55,1879,19483,34.33
54,1880,16431,28.84
55,1880,16431,28.84
54,1881,21203,37.07
55,1881,21203,37.07
54,1891,21943,35.42
55,1891,21943,35.42
54,1894,21904,34.56
55,1894,21904,34.56
54,1901,19233,28.84
55,1901,19233,28.84
54,1911,20666,30.23
55,1911,20666,30.23
54,1921,24812,33.82
55,1921,24812,33.82
54,1931,17255,24.87
55,1931,17255,24.87
23,1863,95057,35.99
24,1863,95057,35.99
25,1863,95057,35.99
26,1863,95057,35.99
27,1863,95057,35.99
28,1863,95057,35.99
29,1863,95057,35.99
30,1863,95057,35.99
23,1864,87453,33.11
24,1864,87453,33.11
25,1864,87453,33.11
26,1864,87453,33.11
27,1864,87453,33.11
28,1864,87453,33.11
29,1864,87453,33.11
30,1864,87453,33.11
23,1865,94361,35.72
24,1865,94361,35.72
25,1865,94361,35.72
26,1865,94361,35.72
27,1865,94361,35.72
28,1865,94361,35.72
29,1865,94361,35.72
30,1865,94361,35.72
23,1866,97135,36.78
24,1866,97135,36.78
25,1866,97135,36.78
26,1866,97135,36.78
27,1866,97135,36.78
28,1866,97135,36.78
29,1866,97135,36.78
30,1866,97135,36.78
23,1867,90482,34.26
24,1867,90482,34.26
25,1867,90482,34.26
26,1867,90482,34.26
27,1867,90482,34.26
28,1867,90482,34.26
29,1867,90482,34.26
30,1867,90482,34.26
23,1868,94462,35.76
24,1868,94462,35.76
25,1868,94462,35.76
26,1868,94462,35.76
27,1868,94462,35.76
28,1868,94462,35.76
29,1868,94462,35.76
30,1868,94462,35.76
23,1869,99257,37.58
24,1869,99257,37.58
25,1869,99257,37.58
26,1869,99257,37.58
27,1869,99257,37.58
28,1869,99257,37.58
29,1869,99257,37.58
30,1869,99257,37.58
23,1870,95584,36.19
24,1870,95584,36.19
25,1870,95584,36.19
26,1870,95584,36.19
27,1870,95584,36.19
28,1870,95584,36.19
29,1870,95584,36.19
30,1870,95584,36.19
23,1871,101561,38.45
24,1871,101561,38.45
25,1871,101561,38.45
26,1871,101561,38.45
27,1871,101561,38.45
28,1871,101561,38.45
29,1871,101561,38.45
30,1871,101561,38.45
23,1872,101217,38.08
24,1872,101217,38.08
25,1872,101217,38.08
26,1872,101217,38.08
27,1872,101217,38.08
28,1872,101217,38.08
29,1872,101217,38.08
30,1872,101217,38.08
23,1873,97208,36.33
24,1873,97208,36.33
25,1873,97208,36.33
26,1873,97208,36.33
27,1873,97208,36.33
28,1873,97208,36.33
29,1873,97208,36.33
30,1873,97208,36.33
23,1874,91789,34.08
24,1874,91789,34.08
25,1874,91789,34.08
26,1874,91789,34.08
27,1874,91789,34.08
28,1874,91789,34.08
29,1874,91789,34.08
30,1874,91789,34.08
23,1875,105158,38.8
24,1875,105158,38.8
25,1875,105158,38.8
26,1875,105158,38.8
27,1875,105158,38.8
28,1875,105158,38.8
29,1875,105158,38.8
30,1875,105158,38.8
23,1876,113074,41.46
24,1876,113074,41.46
25,1876,113074,41.46
26,1876,113074,41.46
27,1876,113074,41.46
28,1876,113074,41.46
29,1876,113074,41.46
30,1876,113074,41.46
23,1877,97262,35.43
24,1877,97262,35.43
25,1877,97262,35.43
26,1877,97262,35.43
27,1877,97262,35.43
28,1877,97262,35.43
29,1877,97262,35.43
30,1877,97262,35.43
23,1878,99151,35.9
24,1878,99151,35.9
25,1878,99151,35.9
26,1878,99151,35.9
27,1878,99151,35.9
28,1878,99151,35.9
29,1878,99151,35.9
30,1878,99151,35.9
23,1879,103955,37.4
24,1879,103955,37.4
25,1879,103955,37.4
26,1879,103955,37.4
27,1879,103955,37.4
28,1879,103955,37.4
29,1879,103955,37.4
30,1879,103955,37.4
23,1880,88199,31.54
24,1880,88199,31.54
25,1880,88199,31.54
26,1880,88199,31.54
27,1880,88199,31.54
28,1880,88199,31.54
29,1880,88199,31.54
30,1880,88199,31.54
23,1881,103970,36.95
24,1881,103970,36.95
25,1881,103970,36.95
26,1881,103970,36.95
27,1881,103970,36.95
28,1881,103970,36.95
29,1881,103970,36.95
30,1881,103970,36.95
23,1891,106553,35.84
24,1891,106553,35.84
25,1891,106553,35.84
26,1891,106553,35.84
27,1891,106553,35.84
28,1891,106553,35.84
29,1891,106553,35.84
30,1891,106553,35.84
23,1894,109470,36.24
24,1894,109470,36.24
25,1894,109470,36.24
26,1894,109470,36.24
27,1894,109470,36.24
28,1894,109470,36.24
29,1894,109470,36.24
30,1894,109470,36.24
23,1901,115390,36.84
24,1901,115390,36.84
25,1901,115390,36.84
26,1901,115390,36.84
27,1901,115390,36.84
28,1901,115390,36.84
29,1901,115390,36.84
30,1901,115390,36.84
23,1911,130491,37.02
24,1911,130491,37.02
25,1911,130491,37.02
26,1911,130491,37.02
27,1911,130491,37.02
28,1911,130491,37.02
29,1911,130491,37.02
30,1911,130491,37.02
23,1921,136180,34.5
24,1921,136180,34.5
25,1921,136180,34.5
26,1921,136180,34.5
27,1921,136180,34.5
28,1921,136180,34.5
29,1921,136180,34.5
30,1921,136180,34.5
23,1931,101363,24.59
24,1931,101363,24.59
25,1931,101363,24.59
26,1931,101363,24.59
27,1931,101363,24.59
28,1931,101363,24.59
29,1931,101363,24.59
30,1931,101363,24.59
66,1882,52627,39.77
67,1882,52627,39.77
68,1882,52627,39.77
69,1882,52627,39.77
70,1882,52627,39.77
76,1882,23178,44.34
77,1882,23178,44.34
78,1882,49224,38.96
79,1882,49224,38.96
80,1882,49224,38.96
61,1882,112314,38.6
62,1882,112314,38.6
63,1882,112314,38.6
64,1882,112314,38.6
65,1882,112314,38.6
33,1882,77686,35.37
34,1882,77686,35.37
35,1882,77686,35.37
36,1882,77686,35.37
37,1882,77686,35.37
38,1882,77686,35.37
39,1882,77686,35.37
40,1882,77686,35.37
56,1882,31432,34.27
57,1882,31432,34.27
58,1882,31432,34.27
59,1882,31432,34.27
60,1882,31432,34.27
8,1882,28964,32.13
9,1882,28964,32.13
10,1882,28964,32.13
11,1882,28964,32.13
12,1882,133648,37.17
13,1882,133648,37.17
14,1882,133648,37.17
15,1882,133648,37.17
16,1882,133648,37.17
17,1882,133648,37.17
18,1882,133648,37.17
19,1882,133648,37.17
20,1882,133648,37.17
41,1882,33751,35.71
42,1882,33751,35.71
43,1882,33751,35.71
44,1882,33751,35.71
1,1882,105045,34.08
2,1882,105045,34.08
3,1882,105045,34.08
4,1882,105045,34.08
5,1882,105045,34.08
6,1882,105045,34.08
7,1882,105045,34.08
71,1882,70254,43.71
72,1882,70254,43.71
73,1882,70254,43.71
74,1882,70254,43.71
75,1882,70254,43.71
90,1882,25614,37.28
91,1882,25614,37.28
92,1882,25614,37.28
81,1882,122202,41.33
82,1882,122202,41.33
83,1882,122202,41.33
84,1882,122202,41.33
85,1882,122202,41.33
86,1882,122202,41.33
87,1882,122202,41.33
88,1882,122202,41.33
89,1882,122202,41.33
45,1882,76832,34.52
46,1882,76832,34.52
47,1882,76832,34.52
48,1882,76832,34.52
49,1882,76832,34.52
50,1882,76832,34.52
51,1882,76832,34.52
52,1882,76832,34.52
53,1882,76832,34.52
54,1882,19679,34.12
55,1882,19679,34.12
23,1882,98644,34.86
24,1882,98644,34.86
25,1882,98644,34.86
26,1882,98644,34.86
27,1882,98644,34.86
28,1882,98644,34.86
29,1882,98644,34.86
30,1882,98644,34.86
66,1883,55196,41.52
67,1883,55196,41.52
68,1883,55196,41.52
69,1883,55196,41.52
70,1883,55196,41.52
76,1883,22935,44.02
77,1883,22935,44.02
78,1883,46914,36.97
79,1883,46914,36.97
80,1883,46914,36.97
61,1883,106576,36.47
62,1883,106576,36.47
63,1883,106576,36.47
64,1883,106576,36.47
65,1883,106576,36.47
33,1883,77951,35.28
34,1883,77951,35.28
35,1883,77951,35.28
36,1883,77951,35.28
37,1883,77951,35.28
38,1883,77951,35.28
39,1883,77951,35.28
40,1883,77951,35.28
56,1883,32499,34.87
57,1883,32499,34.87
58,1883,32499,34.87
59,1883,32499,34.87
60,1883,32499,34.87
8,1883,29179,32.04
9,1883,29179,32.04
10,1883,29179,32.04
11,1883,29179,32.04
12,1883,138462,38.13
13,1883,138462,38.13
14,1883,138462,38.13
15,1883,138462,38.13
16,1883,138462,38.13
17,1883,138462,38.13
18,1883,138462,38.13
19,1883,138462,38.13
20,1883,138462,38.13
41,1883,35323,37.13
42,1883,35323,37.13
43,1883,35323,37.13
44,1883,35323,37.13
1,1883,107134,34.62
2,1883,107134,34.62
3,1883,107134,34.62
4,1883,107134,34.62
5,1883,107134,34.62
6,1883,107134,34.62
7,1883,107134,34.62
71,1883,70542,43.39
72,1883,70542,43.39
73,1883,70542,43.39
74,1883,70542,43.39
75,1883,70542,43.39
90,1883,24922,35.98
91,1883,24922,35.98
92,1883,24922,35.98
81,1883,121866,40.8
82,1883,121866,40.8
83,1883,121866,40.8
84,1883,121866,40.8
85,1883,121866,40.8
86,1883,121866,40.8
87,1883,121866,40.8
88,1883,121866,40.8
89,1883,121866,40.8
45,1883,79726,35.55
46,1883,79726,35.55
47,1883,79726,35.55
48,1883,79726,35.55
49,1883,79726,35.55
50,1883,79726,35.55
51,1883,79726,35.55
52,1883,79726,35.55
53,1883,79726,35.55
54,1883,20786,35.74
55,1883,20786,35.74
23,1883,101441,35.65
24,1883,101441,35.65
25,1883,101441,35.65
26,1883,101441,35.65
27,1883,101441,35.65
28,1883,101441,35.65
29,1883,101441,35.65
30,1883,101441,35.65
66,1884,56951,42.64
67,1884,56951,42.64
68,1884,56951,42.64
69,1884,56951,42.64
70,1884,56951,42.64
76,1884,23396,45.05
77,1884,23396,45.05
78,1884,50900,39.94
79,1884,50900,39.94
80,1884,50900,39.94
61,1884,117489,40.02
62,1884,117489,40.02
63,1884,117489,40.02
64,1884,117489,40.02
65,1884,117489,40.02
33,1884,84208,37.89
34,1884,84208,37.89
35,1884,84208,37.89
36,1884,84208,37.89
37,1884,84208,37.89
38,1884,84208,37.89
39,1884,84208,37.89
40,1884,84208,37.89
56,1884,34645,36.6
57,1884,34645,36.6
58,1884,34645,36.6
59,1884,34645,36.6
60,1884,34645,36.6
8,1884,29275,31.82
9,1884,29275,31.82
10,1884,29275,31.82
11,1884,29275,31.82
12,1884,143562,39.14
13,1884,143562,39.14
14,1884,143562,39.14
15,1884,143562,39.14
16,1884,143562,39.14
17,1884,143562,39.14
18,1884,143562,39.14
19,1884,143562,39.14
20,1884,143562,39.14
41,1884,36736,38.37
42,1884,36736,38.37
43,1884,36736,38.37
44,1884,36736,38.37
1,1884,111836,36.0
2,1884,111836,36.0
3,1884,111836,36.0
4,1884,111836,36.0
5,1884,111836,36.0
6,1884,111836,36.0
7,1884,111836,36.0
71,1884,74208,45.14
72,1884,74208,45.14
73,1884,74208,45.14
74,1884,74208,45.14
75,1884,74208,45.14
90,1884,25695,36.81
91,1884,25695,36.81
92,1884,25695,36.81
81,1884,134461,44.57
82,1884,134461,44.57
83,1884,134461,44.57
84,1884,134461,44.57
85,1884,134461,44.57
86,1884,134461,44.57
87,1884,134461,44.57
88,1884,134461,44.57
89,1884,134461,44.57
45,1884,77790,34.43
46,1884,77790,34.43
47,1884,77790,34.43
48,1884,77790,34.43
49,1884,77790,34.43
50,1884,77790,34.43
51,1884,77790,34.43
52,1884,77790,34.43
53,1884,77790,34.43
54,1884,20962,35.75
55,1884,20962,35.75
23,1884,108627,37.96
24,1884,108627,37.96
25,1884,108627,37.96
26,1884,108627,37.96
27,1884,108627,37.96
28,1884,108627,37.96
29,1884,108627,37.96
30,1884,108627,37.96
66,1885,56601,42.19
67,1885,56601,42.19
68,1885,56601,42.19
69,1885,56601,42.19
70,1885,56601,42.19
76,1885,22004,42.51
77,1885,22004,42.51
78,1885,51036,39.87
79,1885,51036,39.87
80,1885,51036,39.87
61,1885,114072,38.69
62,1885,114072,38.69
63,1885,114072,38.69
64,1885,114072,38.69
65,1885,114072,38.69
33,1885,86381,38.64
34,1885,86381,38.64
35,1885,86381,38.64
36,1885,86381,38.64
37,1885,86381,38.64
38,1885,86381,38.64
39,1885,86381,38.64
40,1885,86381,38.64
56,1885,34852,36.26
57,1885,34852,36.26
58,1885,34852,36.26
59,1885,34852,36.26
60,1885,34852,36.26
8,1885,30174,32.48
9,1885,30174,32.48
10,1885,30174,32.48
11,1885,30174,32.48
12,1885,141938,38.32
13,1885,141938,38.32
14,1885,141938,38.32
15,1885,141938,38.32
16,1885,141938,38.32
17,1885,141938,38.32
18,1885,141938,38.32
19,1885,141938,38.32
20,1885,141938,38.32
41,1885,36458,37.84
42,1885,36458,37.84
43,1885,36458,37.84
44,1885,36458,37.84
1,1885,109056,34.97
2,1885,109056,34.97
3,1885,109056,34.97
4,1885,109056,34.97
5,1885,109056,34.97
6,1885,109056,34.97
7,1885,109056,34.97
71,1885,71810,43.2
72,1885,71810,43.2
73,1885,71810,43.2
74,1885,71810,43.2
75,1885,71810,43.2
90,1885,26042,37.02
91,1885,26042,37.02
92,1885,26042,37.02
81,1885,130977,42.99
82,1885,130977,42.99
83,1885,130977,42.99
84,1885,130977,42.99
85,1885,130977,42.99
86,1885,130977,42.99
87,1885,130977,42.99
88,1885,130977,42.99
89,1885,130977,42.99
45,1885,83766,36.8
46,1885,83766,36.8
47,1885,83766,36.8
48,1885,83766,36.8
49,1885,83766,36.8
50,1885,83766,36.8
51,1885,83766,36.8
52,1885,83766,36.8
53,1885,83766,36.8
54,1885,21807,36.9
55,1885,21807,36.9
23,1885,108996,37.88
24,1885,108996,37.88
25,1885,108996,37.88
26,1885,108996,37.88
27,1885,108996,37.88
28,1885,108996,37.88
29,1885,108996,37.88
30,1885,108996,37.88
66,1886,51020,37.85
67,1886,51020,37.85
68,1886,51020,37.85
69,1886,51020,37.85
70,1886,51020,37.85
76,1886,19429,37.66
77,1886,19429,37.66
78,1886,48753,37.92
79,1886,48753,37.92
80,1886,48753,37.92
61,1886,111013,37.48
62,1886,111013,37.48
63,1886,111013,37.48
64,1886,111013,37.48
65,1886,111013,37.48
33,1886,81959,36.45
34,1886,81959,36.45
35,1886,81959,36.45
36,1886,81959,36.45
37,1886,81959,36.45
38,1886,81959,36.45
39,1886,81959,36.45
40,1886,81959,36.45
56,1886,34011,34.85
57,1886,34011,34.85
58,1886,34011,34.85
59,1886,34011,34.85
60,1886,34011,34.85
8,1886,29908,31.87
9,1886,29908,31.87
10,1886,29908,31.87
11,1886,29908,31.87
12,1886,141162,37.75
13,1886,141162,37.75
14,1886,141162,37.75
15,1886,141162,37.75
16,1886,141162,37.75
17,1886,141162,37.75
18,1886,141162,37.75
19,1886,141162,37.75
20,1886,141162,37.75
41,1886,35328,36.44
42,1886,35328,36.44
43,1886,35328,36.44
44,1886,35328,36.44
1,1886,110443,35.27
2,1886,110443,35.27
3,1886,110443,35.27
4,1886,110443,35.27
5,1886,110443,35.27
6,1886,110443,35.27
7,1886,110443,35.27
71,1886,68195,40.57
72,1886,68195,40.57
73,1886,68195,40.57
74,1886,68195,40.57
75,1886,68195,40.57
90,1886,24917,35.15
91,1886,24917,35.15
92,1886,24917,35.15
81,1886,128297,41.7
82,1886,128297,41.7
83,1886,128297,41.7
84,1886,128297,41.7
85,1886,128297,41.7
86,1886,128297,41.7
87,1886,128297,41.7
88,1886,128297,41.7
89,1886,128297,41.7
45,1886,79131,34.51
46,1886,79131,34.51
47,1886,79131,34.51
48,1886,79131,34.51
49,1886,79131,34.51
50,1886,79131,34.51
51,1886,79131,34.51
52,1886,79131,34.51
53,1886,79131,34.51
54,1886,19973,33.52
55,1886,19973,33.52
23,1886,103421,35.74
24,1886,103421,35.74
25,1886,103421,35.74
26,1886,103421,35.74
27,1886,103421,35.74
28,1886,103421,35.74
29,1886,103421,35.74
30,1886,103421,35.74
66,1887,56963,42.07
67,1887,56963,42.07
68,1887,56963,42.07
69,1887,56963,42.07
70,1887,56963,42.07
76,1887,20214,39.31
77,1887,20214,39.31
78,1887,51562,39.93
79,1887,51562,39.93
80,1887,51562,39.93
61,1887,119764,40.26
62,1887,119764,40.26
63,1887,119764,40.26
64,1887,119764,40.26
65,1887,119764,40.26
33,1887,85792,37.94
34,1887,85792,37.94
35,1887,85792,37.94
36,1887,85792,37.94
37,1887,85792,37.94
38,1887,85792,37.94
39,1887,85792,37.94
40,1887,85792,37.94
56,1887,38799,39.16
57,1887,38799,39.16
58,1887,38799,39.16
59,1887,38799,39.16
60,1887,38799,39.16
8,1887,29851,31.5
9,1887,29851,31.5
10,1887,29851,31.5
11,1887,29851,31.5
12,1887,147537,39.08
13,1887,147537,39.08
14,1887,147537,39.08
15,1887,147537,39.08
16,1887,147537,39.08
17,1887,147537,39.08
18,1887,147537,39.08
19,1887,147537,39.08
20,1887,147537,39.08
41,1887,36637,37.56
42,1887,36637,37.56
43,1887,36637,37.56
44,1887,36637,37.56
1,1887,110554,35.17
2,1887,110554,35.17
3,1887,110554,35.17
4,1887,110554,35.17
5,1887,110554,35.17
6,1887,110554,35.17
7,1887,110554,35.17
71,1887,74472,43.83
72,1887,74472,43.83
73,1887,74472,43.83
74,1887,74472,43.83
75,1887,74472,43.83
90,1887,25752,36.05
91,1887,25752,36.05
92,1887,25752,36.05
81,1887,135030,43.47
82,1887,135030,43.47
83,1887,135030,43.47
84,1887,135030,43.47
85,1887,135030,43.47
86,1887,135030,43.47
87,1887,135030,43.47
88,1887,135030,43.47
89,1887,135030,43.47
45,1887,84657,36.64
46,1887,84657,36.64
47,1887,84657,36.64
48,1887,84657,36.64
49,1887,84657,36.64
50,1887,84657,36.64
51,1887,84657,36.64
52,1887,84657,36.64
53,1887,84657,36.64
54,1887,22786,37.94
55,1887,22786,37.94
23,1887,112536,38.68
24,1887,112536,38.68
25,1887,112536,38.68
26,1887,112536,38.68
27,1887,112536,38.68
28,1887,112536,38.68
29,1887,112536,38.68
30,1887,112536,38.68
66,1888,52162,38.35
67,1888,52162,38.35
68,1888,52162,38.35
69,1888,52162,38.35
70,1888,52162,38.35
76,1888,20645,40.28
77,1888,20645,40.28
78,1888,51395,39.63
79,1888,51395,39.63
80,1888,51395,39.63
61,1888,112573,37.68
62,1888,112573,37.68
63,1888,112573,37.68
64,1888,112573,37.68
65,1888,112573,37.68
33,1888,84280,37.06
34,1888,84280,37.06
35,1888,84280,37.06
36,1888,84280,37.06
37,1888,84280,37.06
38,1888,84280,37.06
39,1888,84280,37.06
40,1888,84280,37.06
56,1888,37041,36.84
57,1888,37041,36.84
58,1888,37041,36.84
59,1888,37041,36.84
60,1888,37041,36.84
8,1888,31568,32.99
9,1888,31568,32.99
10,1888,31568,32.99
11,1888,31568,32.99
12,1888,144710,37.97
13,1888,144710,37.97
14,1888,144710,37.97
15,1888,144710,37.97
16,1888,144710,37.97
17,1888,144710,37.97
18,1888,144710,37.97
19,1888,144710,37.97
20,1888,144710,37.97
41,1888,35878,36.55
42,1888,35878,36.55
43,1888,35878,36.55
44,1888,35878,36.55
1,1888,110872,35.14
2,1888,110872,35.14
3,1888,110872,35.14
4,1888,110872,35.14
5,1888,110872,35.14
6,1888,110872,35.14
7,1888,110872,35.14
71,1888,76760,44.69
72,1888,76760,44.69
73,1888,76760,44.69
74,1888,76760,44.69
75,1888,76760,44.69
90,1888,25019,34.76
91,1888,25019,34.76
92,1888,25019,34.76
81,1888,130320,41.55
82,1888,130320,41.55
83,1888,130320,41.55
84,1888,130320,41.55
85,1888,130320,41.55
86,1888,130320,41.55
87,1888,130320,41.55
88,1888,130320,41.55
89,1888,130320,41.55
45,1888,79846,34.31
46,1888,79846,34.31
47,1888,79846,34.31
48,1888,79846,34.31
49,1888,79846,34.31
50,1888,79846,34.31
51,1888,79846,34.31
52,1888,79846,34.31
53,1888,79846,34.31
54,1888,20510,33.89
55,1888,20510,33.89
23,1888,105984,36.23
24,1888,105984,36.23
25,1888,105984,36.23
26,1888,105984,36.23
27,1888,105984,36.23
28,1888,105984,36.23
29,1888,105984,36.23
30,1888,105984,36.23
66,1890,53203,38.77
67,1890,53203,38.77
68,1890,53203,38.77
69,1890,53203,38.77
70,1890,53203,38.77
76,1890,19427,38.16
77,1890,19427,38.16
78,1890,48481,37.07
79,1890,48481,37.07
80,1890,48481,37.07
61,1890,110701,36.73
62,1890,110701,36.73
63,1890,110701,36.73
64,1890,110701,36.73
65,1890,110701,36.73
33,1890,83327,36.22
34,1890,83327,36.22
35,1890,83327,36.22
36,1890,83327,36.22
37,1890,83327,36.22
38,1890,83327,36.22
39,1890,83327,36.22
40,1890,83327,36.22
56,1890,37183,35.93
57,1890,37183,35.93
58,1890,37183,35.93
59,1890,37183,35.93
60,1890,37183,35.93
8,1890,30645,31.42
9,1890,30645,31.42
10,1890,30645,31.42
11,1890,30645,31.42
12,1890,137122,35.31
13,1890,137122,35.31
14,1890,137122,35.31
15,1890,137122,35.31
16,1890,137122,35.31
17,1890,137122,35.31
18,1890,137122,35.31
19,1890,137122,35.31
20,1890,137122,35.31
41,1890,36360,36.6
42,1890,36360,36.6
43,1890,36360,36.6
44,1890,36360,36.6
1,1890,101622,31.96
2,1890,101622,31.96
3,1890,101622,31.96
4,1890,101622,31.96
5,1890,101622,31.96
6,1890,101622,31.96
7,1890,101622,31.96
71,1890,71333,40.66
72,1890,71333,40.66
73,1890,71333,40.66
74,1890,71333,40.66
75,1890,71333,40.66
90,1890,24241,33.17
91,1890,24241,33.17
92,1890,24241,33.17
81,1890,125772,39.35
82,1890,125772,39.35
83,1890,125772,39.35
84,1890,125772,39.35
85,1890,125772,39.35
86,1890,125772,39.35
87,1890,125772,39.35
88,1890,125772,39.35
89,1890,125772,39.35
45,1890,79651,33.74
46,1890,79651,33.74
47,1890,79651,33.74
48,1890,79651,33.74
49,1890,79651,33.74
50,1890,79651,33.74
51,1890,79651,33.74
52,1890,79651,33.74
53,1890,79651,33.74
54,1890,21247,34.56
55,1890,21247,34.56
23,1890,102788,34.76
24,1890,102788,34.76
25,1890,102788,34.76
26,1890,102788,34.76
27,1890,102788,34.76
28,1890,102788,34.76
29,1890,102788,34.76
30,1890,102788,34.76
66,1892,54257,39.18
67,1892,54257,39.18
68,1892,54257,39.18
69,1892,54257,39.18
70,1892,54257,39.18
76,1892,20731,41.0
77,1892,20731,41.0
78,1892,54238,41.12
79,1892,54238,41.12
80,1892,54238,41.12
61,1892,117841,38.76
62,1892,117841,38.76
63,1892,117841,38.76
64,1892,117841,38.76
65,1892,117841,38.76
33,1892,81948,35.22
34,1892,81948,35.22
35,1892,81948,35.22
36,1892,81948,35.22
37,1892,81948,35.22
38,1892,81948,35.22
39,1892,81948,35.22
40,1892,81948,35.22
56,1892,37905,35.62
57,1892,37905,35.62
58,1892,37905,35.62
59,1892,37905,35.62
60,1892,37905,35.62
8,1892,31110,31.31
9,1892,31110,31.31
10,1892,31110,31.31
11,1892,31110,31.31
12,1892,136727,34.57
13,1892,136727,34.57
14,1892,136727,34.57
15,1892,136727,34.57
16,1892,136727,34.57
17,1892,136727,34.57
18,1892,136727,34.57
19,1892,136727,34.57
20,1892,136727,34.57
41,1892,37783,37.57
42,1892,37783,37.57
43,1892,37783,37.57
44,1892,37783,37.57
1,1892,98699,30.8
2,1892,98699,30.8
3,1892,98699,30.8
4,1892,98699,30.8
5,1892,98699,30.8
6,1892,98699,30.8
7,1892,98699,30.8
71,1892,76366,42.64
72,1892,76366,42.64
73,1892,76366,42.64
74,1892,76366,42.64
75,1892,76366,42.64
90,1892,25446,34.31
91,1892,25446,34.31
92,1892,25446,34.31
81,1892,130886,40.2
82,1892,130886,40.2
83,1892,130886,40.2
84,1892,130886,40.2
85,1892,130886,40.2
86,1892,130886,40.2
87,1892,130886,40.2
88,1892,130886,40.2
89,1892,130886,40.2
45,1892,81361,33.97
46,1892,81361,33.97
47,1892,81361,33.97
48,1892,81361,33.97
49,1892,81361,33.97
50,1892,81361,33.97
51,1892,81361,33.97
52,1892,81361,33.97
53,1892,81361,33.97
54,1892,21790,34.91
55,1892,21790,34.91
23,1892,103485,34.62
24,1892,103485,34.62
25,1892,103485,34.62
26,1892,103485,34.62
27,1892,103485,34.62
28,1892,103485,34.62
29,1892,103485,34.62
30,1892,103485,34.62
66,1893,54825,39.42
67,1893,54825,39.42
68,1893,54825,39.42
69,1893,54825,39.42
70,1893,54825,39.42
76,1893,20574,40.83
77,1893,20574,40.83
78,1893,54440,41.1
79,1893,54440,41.1
80,1893,54440,41.1
61,1893,113273,37.1
62,1893,113273,37.1
63,1893,113273,37.1
64,1893,113273,37.1
65,1893,113273,37.1
33,1893,86779,37.09
34,1893,86779,37.09
35,1893,86779,37.09
36,1893,86779,37.09
37,1893,86779,37.09
38,1893,86779,37.09
39,1893,86779,37.09
40,1893,86779,37.09
56,1893,37504,34.76
57,1893,37504,34.76
58,1893,37504,34.76
59,1893,37504,34.76
60,1893,37504,34.76
8,1893,31653,31.56
9,1893,31653,31.56
10,1893,31653,31.56
11,1893,31653,31.56
12,1893,145451,36.44
13,1893,145451,36.44
14,1893,145451,36.44
15,1893,145451,36.44
16,1893,145451,36.44
17,1893,145451,36.44
18,1893,145451,36.44
19,1893,145451,36.44
20,1893,145451,36.44
41,1893,38135,37.69
42,1893,38135,37.69
43,1893,38135,37.69
44,1893,38135,37.69
1,1893,102660,31.91
2,1893,102660,31.91
3,1893,102660,31.91
4,1893,102660,31.91
5,1893,102660,31.91
6,1893,102660,31.91
7,1893,102660,31.91
71,1893,74105,40.95
72,1893,74105,40.95
73,1893,74105,40.95
74,1893,74105,40.95
75,1893,74105,40.95
90,1893,26315,35.22
91,1893,26315,35.22
92,1893,26315,35.22
81,1893,129077,39.29
82,1893,129077,39.29
83,1893,129077,39.29
84,1893,129077,39.29
85,1893,129077,39.29
86,1893,129077,39.29
87,1893,129077,39.29
88,1893,129077,39.29
89,1893,129077,39.29
45,1893,80461,33.36
46,1893,80461,33.36
47,1893,80461,33.36
48,1893,80461,33.36
49,1893,80461,33.36
50,1893,80461,33.36
51,1893,80461,33.36
52,1893,80461,33.36
53,1893,80461,33.36
54,1893,22356,35.54
55,1893,22356,35.54
23,1893,108688,36.17
24,1893,108688,36.17
25,1893,108688,36.17
26,1893,108688,36.17
27,1893,108688,36.17
28,1893,108688,36.17
29,1893,108688,36.17
30,1893,108688,36.17
66,1895,52862,37.67
67,1895,52862,37.67
68,1895,52862,37.67
69,1895,52862,37.67
70,1895,52862,37.67
76,1895,19321,38.61
77,1895,19321,38.61
78,1895,50576,37.87
79,1895,50576,37.87
80,1895,50576,37.87
61,1895,112163,36.42
62,1895,112163,36.42
63,1895,112163,36.42
64,1895,112163,36.42
65,1895,112163,36.42
33,1895,84040,35.53
34,1895,84040,35.53
35,1895,84040,35.53
36,1895,84040,35.53
37,1895,84040,35.53
38,1895,84040,35.53
39,1895,84040,35.53
40,1895,84040,35.53
56,1895,36367,32.81
57,1895,36367,32.81
58,1895,36367,32.81
59,1895,36367,32.81
60,1895,36367,32.81
8,1895,30718,30.08
9,1895,30718,30.08
10,1895,30718,30.08
11,1895,30718,30.08
12,1895,140194,34.5
13,1895,140194,34.5
14,1895,140194,34.5
15,1895,140194,34.5
16,1895,140194,34.5
17,1895,140194,34.5
18,1895,140194,34.5
19,1895,140194,34.5
20,1895,140194,34.5
41,1895,37770,36.89
42,1895,37770,36.89
43,1895,37770,36.89
44,1895,37770,36.89
1,1895,100044,30.87
2,1895,100044,30.87
3,1895,100044,30.87
4,1895,100044,30.87
5,1895,100044,30.87
6,1895,100044,30.87
7,1895,100044,30.87
71,1895,72502,39.27
72,1895,72502,39.27
73,1895,72502,39.27
74,1895,72502,39.27
75,1895,72502,39.27
90,1895,24440,32.24
91,1895,24440,32.24
92,1895,24440,32.24
81,1895,119174,35.63
82,1895,119174,35.63
83,1895,119174,35.63
84,1895,119174,35.63
85,1895,119174,35.63
86,1895,119174,35.63
87,1895,119174,35.63
88,1895,119174,35.63
89,1895,119174,35.63
45,1895,82037,33.55
46,1895,82037,33.55
47,1895,82037,33.55
48,1895,82037,33.55
49,1895,82037,33.55
50,1895,82037,33.55
51,1895,82037,33.55
52,1895,82037,33.55
53,1895,82037,33.55
54,1895,21867,34.25
55,1895,21867,34.25
23,1895,108028,35.57
24,1895,108028,35.57
25,1895,108028,35.57
26,1895,108028,35.57
27,1895,108028,35.57
28,1895,108028,35.57
29,1895,108028,35.57
30,1895,108028,35.57
66,1896,50179,35.61
67,1896,50179,35.61
68,1896,50179,35.61
69,1896,50179,35.61
70,1896,50179,35.61
76,1896,19989,40.08
77,1896,19989,40.08
78,1896,54744,40.82
79,1896,54744,40.82
80,1896,54744,40.82
61,1896,111819,36.16
62,1896,111819,36.16
63,1896,111819,36.16
64,1896,111819,36.16
65,1896,111819,36.16
33,1896,80378,33.79
34,1896,80378,33.79
35,1896,80378,33.79
36,1896,80378,33.79
37,1896,80378,33.79
38,1896,80378,33.79
39,1896,80378,33.79
40,1896,80378,33.79
56,1896,36545,32.54
57,1896,36545,32.54
58,1896,36545,32.54
59,1896,36545,32.54
60,1896,36545,32.54
8,1896,30236,29.34
9,1896,30236,29.34
10,1896,30236,29.34
11,1896,30236,29.34
12,1896,142239,34.7
13,1896,142239,34.7
14,1896,142239,34.7
15,1896,142239,34.7
16,1896,142239,34.7
17,1896,142239,34.7
18,1896,142239,34.7
19,1896,142239,34.7
20,1896,142239,34.7
41,1896,36029,34.99
42,1896,36029,34.99
43,1896,36029,34.99
44,1896,36029,34.99
1,1896,99181,30.49
2,1896,99181,30.49
3,1896,99181,30.49
4,1896,99181,30.49
5,1896,99181,30.49
6,1896,99181,30.49
7,1896,99181,30.49
71,1896,76172,40.85
72,1896,76172,40.85
73,1896,76172,40.85
74,1896,76172,40.85
75,1896,76172,40.85
90,1896,24438,32.01
91,1896,24438,32.01
92,1896,24438,32.01
81,1896,128785,38.16
82,1896,128785,38.16
83,1896,128785,38.16
84,1896,128785,38.16
85,1896,128785,38.16
86,1896,128785,38.16
87,1896,128785,38.16
88,1896,128785,38.16
89,1896,128785,38.16
45,1896,76906,31.23
46,1896,76906,31.23
47,1896,76906,31.23
48,1896,76906,31.23
49,1896,76906,31.23
50,1896,76906,31.23
51,1896,76906,31.23
52,1896,76906,31.23
53,1896,76906,31.23
54,1896,20796,32.33
55,1896,20796,32.33
23,1896,107070,35.07
24,1896,107070,35.07
25,1896,107070,35.07
26,1896,107070,35.07
27,1896,107070,35.07
28,1896,107070,35.07
29,1896,107070,35.07
30,1896,107070,35.07
66,1898,50338,35.41
67,1898,50338,35.41
68,1898,50338,35.41
69,1898,50338,35.41
70,1898,50338,35.41
76,1898,18985,38.33
77,1898,18985,38.33
78,1898,50596,37.41
79,1898,50596,37.41
80,1898,50596,37.41
61,1898,110218,35.34
62,1898,110218,35.34
63,1898,110218,35.34
64,1898,110218,35.34
65,1898,110218,35.34
33,1898,76451,31.79
34,1898,76451,31.79
35,1898,76451,31.79
36,1898,76451,31.79
37,1898,76451,31.79
38,1898,76451,31.79
39,1898,76451,31.79
40,1898,76451,31.79
56,1898,35734,31.01
57,1898,35734,31.01
58,1898,35734,31.01
59,1898,35734,31.01
60,1898,35734,31.01
8,1898,28872,27.53
9,1898,28872,27.53
10,1898,28872,27.53
11,1898,28872,27.53
12,1898,139672,33.48
13,1898,139672,33.48
14,1898,139672,33.48
15,1898,139672,33.48
16,1898,139672,33.48
17,1898,139672,33.48
18,1898,139672,33.48
19,1898,139672,33.48
20,1898,139672,33.48
41,1898,34117,32.75
42,1898,34117,32.75
43,1898,34117,32.75
44,1898,34117,32.75
1,1898,97133,29.63
2,1898,97133,29.63
3,1898,97133,29.63
4,1898,97133,29.63
5,1898,97133,29.63
6,1898,97133,29.63
7,1898,97133,29.63
71,1898,75953,39.94
72,1898,75953,39.94
73,1898,75953,39.94
74,1898,75953,39.94
75,1898,75953,39.94
90,1898,25033,32.33
91,1898,25033,32.33
92,1898,25033,32.33
81,1898,126221,36.75
82,1898,126221,36.75
83,1898,126221,36.75
84,1898,126221,36.75
85,1898,126221,36.75
86,1898,126221,36.75
87,1898,126221,36.75
88,1898,126221,36.75
89,1898,126221,36.75
45,1898,76329,30.58
46,1898,76329,30.58
47,1898,76329,30.58
48,1898,76329,30.58
49,1898,76329,30.58
50,1898,76329,30.58
51,1898,76329,30.58
52,1898,76329,30.58
53,1898,76329,30.58
54,1898,20322,31.13
55,1898,20322,31.13
23,1898,104100,33.75
24,1898,104100,33.75
25,1898,104100,33.75
26,1898,104100,33.75
27,1898,104100,33.75
28,1898,104100,33.75
29,1898,104100,33.75
30,1898,104100,33.75
66,1900,50580,35.28
67,1900,50580,35.28
68,1900,50580,35.28
69,1900,50580,35.28
70,1900,50580,35.28
76,1900,18832,38.28
77,1900,18832,38.28
78,1900,48408,35.5
79,1900,48408,35.5
80,1900,48408,35.5
61,1900,105026,33.39
62,1900,105026,33.39
63,1900,105026,33.39
64,1900,105026,33.39
65,1900,105026,33.39
33,1900,78103,32.13
34,1900,78103,32.13
35,1900,78103,32.13
36,1900,78103,32.13
37,1900,78103,32.13
38,1900,78103,32.13
39,1900,78103,32.13
40,1900,78103,32.13
56,1900,35530,30.06
57,1900,35530,30.06
58,1900,35530,30.06
59,1900,35530,30.06
60,1900,35530,30.06
8,1900,29306,27.46
9,1900,29306,27.46
10,1900,29306,27.46
11,1900,29306,27.46
12,1900,145200,34.22
13,1900,145200,34.22
14,1900,145200,34.22
15,1900,145200,34.22
16,1900,145200,34.22
17,1900,145200,34.22
18,1900,145200,34.22
19,1900,145200,34.22
20,1900,145200,34.22
41,1900,33049,31.36
42,1900,33049,31.36
43,1900,33049,31.36
44,1900,33049,31.36
1,1900,96460,29.21
2,1900,96460,29.21
3,1900,96460,29.21
4,1900,96460,29.21
5,1900,96460,29.21
6,1900,96460,29.21
7,1900,96460,29.21
71,1900,76194,39.31
72,1900,76194,39.31
73,1900,76194,39.31
74,1900,76194,39.31
75,1900,76194,39.31
90,1900,24899,31.71
91,1900,24899,31.71
92,1900,24899,31.71
81,1900,118775,33.99
82,1900,118775,33.99
83,1900,118775,33.99
84,1900,118775,33.99
85,1900,118775,33.99
86,1900,118775,33.99
87,1900,118775,33.99
88,1900,118775,33.99
89,1900,118775,33.99
45,1900,76515,30.24
46,1900,76515,30.24
47,1900,76515,30.24
48,1900,76515,30.24
49,1900,76515,30.24
50,1900,76515,30.24
51,1900,76515,30.24
52,1900,76515,30.24
53,1900,76515,30.24
54,1900,20299,30.65
55,1900,20299,30.65
23,1900,110200,35.36
24,1900,110200,35.36
25,1900,110200,35.36
26,1900,110200,35.36
27,1900,110200,35.36
28,1900,110200,35.36
29,1900,110200,35.36
30,1900,110200,35.36
66,1897,51246,36.21
67,1897,51246,36.21
68,1897,51246,36.21
69,1897,51246,36.21
70,1897,51246,36.21
76,1897,19535,39.3
77,1897,19535,39.3
78,1897,51159,37.99
79,1897,51159,37.99
80,1897,51159,37.99
61,1897,108971,35.09
62,1897,108971,35.09
63,1897,108971,35.09
64,1897,108971,35.09
65,1897,108971,35.09
33,1897,84342,35.27
34,1897,84342,35.27
35,1897,84342,35.27
36,1897,84342,35.27
37,1897,84342,35.27
38,1897,84342,35.27
39,1897,84342,35.27
40,1897,84342,35.27
56,1897,36919,32.45
57,1897,36919,32.45
58,1897,36919,32.45
59,1897,36919,32.45
60,1897,36919,32.45
8,1897,30126,28.98
9,1897,30126,28.98
10,1897,30126,28.98
11,1897,30126,28.98
12,1897,143728,34.75
13,1897,143728,34.75
14,1897,143728,34.75
15,1897,143728,34.75
16,1897,143728,34.75
17,1897,143728,34.75
18,1897,143728,34.75
19,1897,143728,34.75
20,1897,143728,34.75
41,1897,37520,36.22
42,1897,37520,36.22
43,1897,37520,36.22
44,1897,37520,36.22
1,1897,99193,30.37
2,1897,99193,30.37
3,1897,99193,30.37
4,1897,99193,30.37
5,1897,99193,30.37
6,1897,99193,30.37
7,1897,99193,30.37
71,1897,75746,40.22
72,1897,75746,40.22
73,1897,75746,40.22
74,1897,75746,40.22
75,1897,75746,40.22
90,1897,25323,32.93
91,1897,25323,32.93
92,1897,25323,32.93
81,1897,124172,36.47
82,1897,124172,36.47
83,1897,124172,36.47
84,1897,124172,36.47
85,1897,124172,36.47
86,1897,124172,36.47
87,1897,124172,36.47
88,1897,124172,36.47
89,1897,124172,36.47
45,1897,79500,32.06
46,1897,79500,32.06
47,1897,79500,32.06
48,1897,79500,32.06
49,1897,79500,32.06
50,1897,79500,32.06
51,1897,79500,32.06
52,1897,79500,32.06
53,1897,79500,32.06
54,1897,22231,34.31
55,1897,22231,34.31
23,1897,112137,36.54
24,1897,112137,36.54
25,1897,112137,36.54
26,1897,112137,36.54
27,1897,112137,36.54
28,1897,112137,36.54
29,1897,112137,36.54
30,1897,112137,36.54
66,1899,50989,35.71
67,1899,50989,35.71
68,1899,50989,35.71
69,1899,50989,35.71
70,1899,50989,35.71
76,1899,19138,38.77
77,1899,19138,38.77
78,1899,51784,38.14
79,1899,51784,38.14
80,1899,51784,38.14
61,1899,108068,34.5
62,1899,108068,34.5
63,1899,108068,34.5
64,1899,108068,34.5
65,1899,108068,34.5
33,1899,80317,33.22
34,1899,80317,33.22
35,1899,80317,33.22
36,1899,80317,33.22
37,1899,80317,33.22
38,1899,80317,33.22
39,1899,80317,33.22
40,1899,80317,33.22
56,1899,36329,31.13
57,1899,36329,31.13
58,1899,36329,31.13
59,1899,36329,31.13
60,1899,36329,31.13
8,1899,29096,27.5
9,1899,29096,27.5
10,1899,29096,27.5
11,1899,29096,27.5
12,1899,144704,34.39
13,1899,144704,34.39
14,1899,144704,34.39
15,1899,144704,34.39
16,1899,144704,34.39
17,1899,144704,34.39
18,1899,144704,34.39
19,1899,144704,34.39
20,1899,144704,34.39
41,1899,36328,34.67
42,1899,36328,34.67
43,1899,36328,34.67
44,1899,36328,34.67
1,1899,96749,29.41
2,1899,96749,29.41
3,1899,96749,29.41
4,1899,96749,29.41
5,1899,96749,29.41
6,1899,96749,29.41
7,1899,96749,29.41
71,1899,75193,39.17
72,1899,75193,39.17
73,1899,75193,39.17
74,1899,75193,39.17
75,1899,75193,39.17
90,1899,25038,32.11
91,1899,25038,32.11
92,1899,25038,32.11
81,1899,123132,35.54
82,1899,123132,35.54
83,1899,123132,35.54
84,1899,123132,35.54
85,1899,123132,35.54
86,1899,123132,35.54
87,1899,123132,35.54
88,1899,123132,35.54
89,1899,123132,35.54
45,1899,79364,31.58
46,1899,79364,31.58
47,1899,79364,31.58
48,1899,79364,31.58
49,1899,79364,31.58
50,1899,79364,31.58
51,1899,79364,31.58
52,1899,79364,31.58
53,1899,79364,31.58
54,1899,21448,32.62
55,1899,21448,32.62
23,1899,110881,35.76
24,1899,110881,35.76
25,1899,110881,35.76
26,1899,110881,35.76
27,1899,110881,35.76
28,1899,110881,35.76
29,1899,110881,35.76
30,1899,110881,35.76
