COD_PROV,DEN_PROV,year,births,cbr
1,Torino,1863,33474,35.33
3,Novara,1863,22135,37.63
4,Cuneo,1863,22095,36.73
6,Alessandria,1863,25069,38.42
8,Porto Maurizio,1863,4162,33.97
10,Genova,1863,24620,37.12
13,Como,1863,17167,37.2
14,Sondrio,1863,3882,36.31
15,Milano,1863,39810,41.45
16,Bergamo,1863,13096,37.27
17,Brescia,1863,17261,35.95
18,Pavia,1863,17146,40.3
19,Cremona,1863,13774,41.36
20,Mantova,1863,6490,22.54
23,Verona,1863,12779,34.79
24,Vicenza,1863,12844,35.41
25,Belluno,1863,6328,36.11
26,Treviso,1863,12389,35.18
27,Venezia,1863,12139,35.97
28,Padova,1863,14117,38.74
29,Rovigo,1863,8579,42.75
30,Udine,1863,15882,33.01
33,Piacenza,1863,8488,38.58
34,Parma,1863,10091,39.16
35,Reggio nell'Emilia,1863,9729,41.85
36,Modena,1863,10868,41.28
37,Bologna,1863,15690,37.93
38,Ferrara,1863,9271,45.68
39,Ravenna,1863,7448,35.26
40,Forlì,1863,9374,41.32
41,Pesaro e Urbino,1863,7891,38.57
42,Ancona,1863,9921,38.68
43,Macerata,1863,8194,35.74
44,Ascoli Piceno,1863,6653,33.71
45,Massa e Carrara,1863,5487,37.97
46,Lucca,1863,10080,38.61
48,Firenze,1863,32232,45.36
49,Livorno,1863,4425,37.75
50,Pisa,1863,9880,39.9
51,Arezzo,1863,9497,42.67
52,Siena,1863,8146,41.47
53,Grosseto,1863,3919,38.51
54,Umbria,1863,18318,35.26
61,Caserta,1863,23779,36.15
62,Benevento,1863,8304,37.27
63,Napoli,1863,34511,39.4
64,Avellino,1863,14446,44.82
65,Salerno,1863,20674,38.95
66,Aquila degli Abruzzi,1863,11928,37.95
67,Teramo,1863,7740,33.19
69,Chieti,1863,12523,37.97
70,Campobasso,1863,14849,42.69
71,Foggia,1863,13302,42.25
72,Bari delle Puglie,1863,24508,43.36
75,Lecce,1863,17845,39.07
76,Potenza,1863,21451,43.21
78,Cosenza,1863,17608,40.63
79,Catanzaro,1863,15265,39.11
80,Reggio di Calabria,1863,12653,37.68
81,Trapani,1863,9661,44.08
82,Palermo,1863,22881,53.07
83,Messina,1863,15042,37.85
84,Girgenti,1863,11642,32.42
85,Caltanissetta,1863,9944,50.19
87,Catania,1863,18871,41.12
89,Siracusa,1863,11600,43.5
90,Sassari,1863,8869,40.05
92,Cagliari,1863,13201,35.08
1,Torino,1864,34610,36.41
3,Novara,1864,22292,37.6
4,Cuneo,1864,22260,36.88
6,Alessandria,1864,24703,37.64
8,Porto Maurizio,1864,4255,34.57
10,Genova,1864,24775,36.99
13,Como,1864,16406,35.4
14,Sondrio,1864,3963,36.92
15,Milano,1864,39075,40.43
16,Bergamo,1864,12965,36.69
17,Brescia,1864,17323,36.31
18,Pavia,1864,16957,39.59
19,Cremona,1864,12846,39.05
20,Mantova,1864,5888,20.44
23,Verona,1864,11279,30.7
24,Vicenza,1864,12188,33.6
25,Belluno,1864,6342,36.19
26,Treviso,1864,11867,33.7
27,Venezia,1864,11371,33.7
28,Padova,1864,12443,34.14
29,Rovigo,1864,7487,37.31
30,Udine,1864,14476,30.08
33,Piacenza,1864,7731,35.03
34,Parma,1864,9166,35.45
35,Reggio nell'Emilia,1864,8842,37.87
36,Modena,1864,9986,37.75
37,Bologna,1864,14452,34.67
38,Ferrara,1864,8197,40.08
39,Ravenna,1864,7464,35.14
40,Forlì,1864,8399,36.86
41,Pesaro e Urbino,1864,7645,37.17
42,Ancona,1864,9792,38.07
43,Macerata,1864,7857,34.13
44,Ascoli Piceno,1864,6983,35.25
45,Massa e Carrara,1864,5426,36.99
46,Lucca,1864,10008,37.98
48,Firenze,1864,29334,40.88
49,Livorno,1864,4339,36.98
50,Pisa,1864,8973,35.91
51,Arezzo,1864,8590,38.34
52,Siena,1864,7462,37.75
53,Grosseto,1864,3956,38.63
54,Umbria,1864,18636,35.62
61,Caserta,1864,24367,36.76
62,Benevento,1864,8129,36.3
63,Napoli,1864,34029,38.68
64,Avellino,1864,14100,42.84
65,Salerno,1864,20160,37.89
66,Aquila degli Abruzzi,1864,12104,38.22
67,Teramo,1864,7544,32.13
69,Chieti,1864,11321,34.19
70,Campobasso,1864,13992,40.11
71,Foggia,1864,12991,41.13
72,Bari delle Puglie,1864,24565,43.06
75,Lecce,1864,17579,38.13
76,Potenza,1864,20795,41.74
78,Cosenza,1864,16675,38.36
79,Catanzaro,1864,14495,36.88
80,Reggio di Calabria,1864,12890,38.13
81,Trapani,1864,9803,44.29
82,Palermo,1864,22901,50.39
83,Messina,1864,15012,37.66
84,Girgenti,1864,12006,34.28
85,Caltanissetta,1864,10059,49.77
87,Catania,1864,19573,42.23
89,Siracusa,1864,11908,44.09
90,Sassari,1864,9194,41.01
92,Cagliari,1864,13594,35.92
1,Torino,1865,34509,36.18
3,Novara,1865,23634,39.56
4,Cuneo,1865,22550,37.23
6,Alessandria,1865,24403,36.96
8,Porto Maurizio,1865,4255,34.41
10,Genova,1865,26596,39.33
13,Como,1865,17267,37.09
14,Sondrio,1865,4230,39.25
15,Milano,1865,40353,41.49
16,Bergamo,1865,13166,37.04
17,Brescia,1865,17470,36.86
18,Pavia,1865,17100,39.66
19,Cremona,1865,13479,41.48
20,Mantova,1865,1486,5.16
23,Verona,1865,12479,33.97
24,Vicenza,1865,13224,36.45
25,Belluno,1865,6499,37.09
26,Treviso,1865,12855,36.5
27,Venezia,1865,11713,34.71
28,Padova,1865,13738,37.7
29,Rovigo,1865,8034,40.04
30,Udine,1865,15819,32.87
33,Piacenza,1865,7672,34.65
34,Parma,1865,9239,35.62
35,Reggio nell'Emilia,1865,9200,39.23
36,Modena,1865,10592,39.84
37,Bologna,1865,14671,34.93
38,Ferrara,1865,8680,42.12
39,Ravenna,1865,7641,35.76
40,Forlì,1865,8787,38.39
41,Pesaro e Urbino,1865,7757,37.52
42,Ancona,1865,9831,38.11
43,Macerata,1865,7942,34.35
44,Ascoli Piceno,1865,6456,32.48
45,Massa e Carrara,1865,5675,38.12
46,Lucca,1865,10496,39.46
48,Firenze,1865,31044,42.85
49,Livorno,1865,4416,37.59
50,Pisa,1865,9578,37.98
51,Arezzo,1865,9147,40.55
52,Siena,1865,7893,39.68
53,Grosseto,1865,3994,38.76
54,Umbria,1865,17779,33.74
61,Caserta,1865,25128,37.63
62,Benevento,1865,8084,35.91
63,Napoli,1865,34869,39.46
64,Avellino,1865,14316,42.6
65,Salerno,1865,20202,37.88
66,Aquila degli Abruzzi,1865,11819,37.05
67,Teramo,1865,7570,32.02
69,Chieti,1865,12429,37.4
70,Campobasso,1865,14826,42.38
71,Foggia,1865,12873,40.63
72,Bari delle Puglie,1865,25063,43.53
75,Lecce,1865,18635,40.05
76,Potenza,1865,21308,42.62
78,Cosenza,1865,17348,39.79
79,Catanzaro,1865,15586,39.38
80,Reggio di Calabria,1865,12777,37.55
81,Trapani,1865,9567,42.81
82,Palermo,1865,23211,48.58
83,Messina,1865,15494,38.76
84,Girgenti,1865,11945,35.0
85,Caltanissetta,1865,10252,49.74
87,Catania,1865,19168,40.95
89,Siracusa,1865,12117,44.31
90,Sassari,1865,9182,40.46
92,Cagliari,1865,14026,36.86
1,Torino,1866,35178,36.76
3,Novara,1866,24614,40.89
4,Cuneo,1866,22723,37.39
6,Alessandria,1866,25192,37.94
8,Porto Maurizio,1866,4472,36.0
10,Genova,1866,26695,39.1
13,Como,1866,17561,37.56
14,Sondrio,1866,4103,37.92
15,Milano,1866,40251,41.13
16,Bergamo,1866,14477,40.49
17,Brescia,1866,18471,39.22
18,Pavia,1866,17865,41.16
19,Cremona,1866,13830,43.1
20,Mantova,1866,6148,21.35
23,Verona,1866,12287,33.45
24,Vicenza,1866,13008,35.86
25,Belluno,1866,6878,39.25
26,Treviso,1866,13848,39.32
27,Venezia,1866,11749,34.82
28,Padova,1866,14307,39.26
29,Rovigo,1866,8391,41.82
30,Udine,1866,16667,34.64
33,Piacenza,1866,7886,35.5
34,Parma,1866,9487,36.46
35,Reggio nell'Emilia,1866,9268,39.36
36,Modena,1866,10433,39.05
37,Bologna,1866,15272,36.08
38,Ferrara,1866,8939,43.06
39,Ravenna,1866,7689,35.78
40,Forlì,1866,8918,38.78
41,Pesaro e Urbino,1866,8078,38.88
42,Ancona,1866,10109,39.07
43,Macerata,1866,8159,35.15
44,Ascoli Piceno,1866,7288,36.53
45,Massa e Carrara,1866,6183,40.94
46,Lucca,1866,10011,37.29
48,Firenze,1866,31123,42.55
49,Livorno,1866,4411,37.51
50,Pisa,1866,9517,37.4
51,Arezzo,1866,8717,38.38
52,Siena,1866,7866,39.3
53,Grosseto,1866,4147,40.0
54,Umbria,1866,19478,36.7
61,Caserta,1866,24738,36.77
62,Benevento,1866,8321,36.78
63,Napoli,1866,34059,38.38
64,Avellino,1866,14326,41.78
65,Salerno,1866,20115,37.62
66,Aquila degli Abruzzi,1866,11844,36.85
67,Teramo,1866,7991,33.58
69,Chieti,1866,12743,38.19
70,Campobasso,1866,14048,40.04
71,Foggia,1866,12995,40.89
72,Bari delle Puglie,1866,26632,45.84
75,Lecce,1866,19505,41.54
76,Potenza,1866,22033,43.91
78,Cosenza,1866,18339,41.94
79,Catanzaro,1866,15676,39.33
80,Reggio di Calabria,1866,13089,38.22
81,Trapani,1866,9780,43.35
82,Palermo,1866,22410,44.72
83,Messina,1866,14524,36.23
84,Girgenti,1866,11876,35.73
85,Caltanissetta,1866,9640,45.88
87,Catania,1866,18198,38.5
89,Siracusa,1866,11760,42.47
90,Sassari,1866,9460,41.19
92,Cagliari,1866,14404,37.64
1,Torino,1867,32532,33.88
3,Novara,1867,22243,36.67
4,Cuneo,1867,19853,32.56
6,Alessandria,1867,23630,35.38
8,Porto Maurizio,1867,4162,33.35
10,Genova,1867,25183,36.54
13,Como,1867,16367,34.86
14,Sondrio,1867,4175,38.43
15,Milano,1867,38612,39.21
16,Bergamo,1867,12808,35.62
17,Brescia,1867,16030,34.26
18,Pavia,1867,16600,37.99
19,Cremona,1867,12196,38.49
20,Mantova,1867,5897,20.48
23,Verona,1867,11464,31.21
24,Vicenza,1867,12294,33.89
25,Belluno,1867,6664,38.03
26,Treviso,1867,12092,34.34
27,Venezia,1867,11001,32.6
28,Padova,1867,13159,36.11
29,Rovigo,1867,7963,39.69
30,Udine,1867,15845,32.93
33,Piacenza,1867,7666,34.39
34,Parma,1867,8804,33.73
35,Reggio nell'Emilia,1867,8473,35.83
36,Modena,1867,9837,36.64
37,Bologna,1867,14264,33.45
38,Ferrara,1867,8114,38.79
39,Ravenna,1867,6947,32.15
40,Forlì,1867,7985,34.57
41,Pesaro e Urbino,1867,7549,36.15
42,Ancona,1867,9485,36.55
43,Macerata,1867,7991,34.28
44,Ascoli Piceno,1867,6616,33.05
45,Massa e Carrara,1867,6300,41.12
46,Lucca,1867,10484,38.7
48,Firenze,1867,31519,42.69
49,Livorno,1867,4139,35.16
50,Pisa,1867,9839,38.32
51,Arezzo,1867,9130,39.94
52,Siena,1867,8119,40.31
53,Grosseto,1867,4054,38.87
54,Umbria,1867,19005,35.55
61,Caserta,1867,24499,36.15
62,Benevento,1867,8626,37.93
63,Napoli,1867,33621,37.72
64,Avellino,1867,13913,39.78
65,Salerno,1867,19433,36.25
66,Aquila degli Abruzzi,1867,11867,36.65
67,Teramo,1867,7859,32.81
69,Chieti,1867,13343,39.84
70,Campobasso,1867,15172,43.12
71,Foggia,1867,12152,38.12
72,Bari delle Puglie,1867,24131,41.16
75,Lecce,1867,17780,37.52
76,Potenza,1867,22013,43.72
78,Cosenza,1867,16828,38.36
79,Catanzaro,1867,15164,37.79
80,Reggio di Calabria,1867,11504,33.37
81,Trapani,1867,8346,36.64
82,Palermo,1867,20596,39.28
83,Messina,1867,13715,34.12
84,Girgenti,1867,10256,31.71
85,Caltanissetta,1867,8653,40.42
87,Catania,1867,16636,34.86
89,Siracusa,1867,10716,38.23
90,Sassari,1867,9722,41.83
92,Cagliari,1867,13871,36.05
1,Torino,1868,31951,33.16
3,Novara,1868,22432,36.7
4,Cuneo,1868,21147,34.57
6,Alessandria,1868,23358,34.77
8,Porto Maurizio,1868,3857,30.77
10,Genova,1868,25112,36.09
13,Como,1868,16095,34.13
14,Sondrio,1868,4089,37.49
15,Milano,1868,38045,38.4
16,Bergamo,1868,13737,37.99
17,Brescia,1868,17438,37.52
18,Pavia,1868,16886,38.4
19,Cremona,1868,13453,43.01
20,Mantova,1868,6279,21.8
23,Verona,1868,11860,32.28
24,Vicenza,1868,13043,35.95
25,Belluno,1868,6657,37.99
26,Treviso,1868,13192,37.46
27,Venezia,1868,11614,34.42
28,Padova,1868,13954,38.29
29,Rovigo,1868,8296,41.34
30,Udine,1868,15846,32.93
33,Piacenza,1868,7627,34.11
34,Parma,1868,9166,35.0
35,Reggio nell'Emilia,1868,8591,36.17
36,Modena,1868,9791,36.3
37,Bologna,1868,14153,32.94
38,Ferrara,1868,8515,40.41
39,Ravenna,1868,7186,33.06
40,Forlì,1868,8207,35.37
41,Pesaro e Urbino,1868,7211,34.35
42,Ancona,1868,9284,35.67
43,Macerata,1868,7843,33.51
44,Ascoli Piceno,1868,6104,30.38
45,Massa e Carrara,1868,6237,40.14
46,Lucca,1868,9757,35.7
48,Firenze,1868,30135,40.43
49,Livorno,1868,3935,33.39
50,Pisa,1868,8832,34.09
51,Arezzo,1868,8259,35.89
52,Siena,1868,7275,35.9
53,Grosseto,1868,4008,38.19
54,Umbria,1868,17418,32.36
61,Caserta,1868,22178,32.49
62,Benevento,1868,7282,31.86
63,Napoli,1868,30767,34.37
64,Avellino,1868,13159,36.9
65,Salerno,1868,17463,32.5
66,Aquila degli Abruzzi,1868,11012,33.76
67,Teramo,1868,7180,29.78
69,Chieti,1868,11587,34.47
70,Campobasso,1868,13310,37.72
71,Foggia,1868,12326,38.54
72,Bari delle Puglie,1868,24720,41.79
75,Lecce,1868,17332,36.25
76,Potenza,1868,20483,40.54
78,Cosenza,1868,15799,35.91
79,Catanzaro,1868,13539,33.51
80,Reggio di Calabria,1868,11565,33.34
81,Trapani,1868,8046,35.0
82,Palermo,1868,20418,37.28
83,Messina,1868,12085,29.98
84,Girgenti,1868,10331,32.85
85,Caltanissetta,1868,8186,37.53
87,Catania,1868,14353,29.79
89,Siracusa,1868,8793,31.0
90,Sassari,1868,9103,38.71
92,Cagliari,1868,12444,32.17
1,Torino,1869,32544,33.67
3,Novara,1869,22498,36.53
4,Cuneo,1869,22252,36.25
6,Alessandria,1869,24034,35.57
8,Porto Maurizio,1869,4086,32.45
10,Genova,1869,25436,36.22
13,Como,1869,16475,34.79
14,Sondrio,1869,3667,33.49
15,Milano,1869,38071,38.2
16,Bergamo,1869,13891,38.2
17,Brescia,1869,15890,34.42
18,Pavia,1869,16770,37.89
19,Cremona,1869,10661,34.53
20,Mantova,1869,10809,37.53
23,Verona,1869,12741,34.68
24,Vicenza,1869,13871,38.24
25,Belluno,1869,6666,38.04
26,Treviso,1869,14072,39.96
27,Venezia,1869,11888,35.23
28,Padova,1869,14540,39.9
29,Rovigo,1869,8373,41.73
30,Udine,1869,17106,35.55
33,Piacenza,1869,7601,33.88
34,Parma,1869,9061,34.49
35,Reggio nell'Emilia,1869,9074,38.04
36,Modena,1869,10017,36.96
37,Bologna,1869,14600,33.73
38,Ferrara,1869,8496,40.03
39,Ravenna,1869,7177,32.84
40,Forlì,1869,8787,37.71
41,Pesaro e Urbino,1869,7603,36.04
42,Ancona,1869,9851,37.74
43,Macerata,1869,8253,35.12
44,Ascoli Piceno,1869,6631,32.89
45,Massa e Carrara,1869,6259,39.73
46,Lucca,1869,9764,35.4
48,Firenze,1869,31438,41.79
49,Livorno,1869,3961,33.57
50,Pisa,1869,9749,37.3
51,Arezzo,1869,8900,38.42
52,Siena,1869,7874,38.61
53,Grosseto,1869,3917,37.1
54,Umbria,1869,19003,35.06
61,Caserta,1869,25722,37.41
62,Benevento,1869,8552,37.23
63,Napoli,1869,33407,37.16
64,Avellino,1869,13233,36.41
65,Salerno,1869,19467,36.14
66,Aquila degli Abruzzi,1869,11770,35.82
67,Teramo,1869,8215,33.85
69,Chieti,1869,12866,38.13
70,Campobasso,1869,15117,42.72
71,Foggia,1869,12228,38.12
72,Bari delle Puglie,1869,25631,42.95
75,Lecce,1869,19140,39.67
76,Potenza,1869,20266,39.97
78,Cosenza,1869,16562,37.53
79,Catanzaro,1869,14791,36.36
80,Reggio di Calabria,1869,12357,35.39
81,Trapani,1869,8706,37.52
82,Palermo,1869,23418,41.01
83,Messina,1869,13906,34.39
84,Girgenti,1869,11327,37.06
85,Caltanissetta,1869,8777,39.52
87,Catania,1869,17492,35.97
89,Siracusa,1869,11063,38.54
90,Sassari,1869,9776,41.09
92,Cagliari,1869,13988,35.96
1,Torino,1870,33130,34.16
3,Novara,1870,21183,34.14
4,Cuneo,1870,22128,35.93
6,Alessandria,1870,24017,35.34
8,Porto Maurizio,1870,4112,32.51
10,Genova,1870,24794,34.98
13,Como,1870,16305,34.28
14,Sondrio,1870,4213,38.32
15,Milano,1870,38337,38.23
16,Bergamo,1870,14100,38.56
17,Brescia,1870,15468,33.73
18,Pavia,1870,17292,38.82
19,Cremona,1870,11500,37.75
20,Mantova,1870,10620,36.88
23,Verona,1870,12336,33.58
24,Vicenza,1870,13820,38.1
25,Belluno,1870,6764,38.6
26,Treviso,1870,13054,37.07
27,Venezia,1870,11613,34.42
28,Padova,1870,13685,37.55
29,Rovigo,1870,8273,41.23
30,Udine,1870,16039,33.33
33,Piacenza,1870,7945,35.3
34,Parma,1870,9414,35.72
35,Reggio nell'Emilia,1870,8921,37.24
36,Modena,1870,10091,37.05
37,Bologna,1870,14919,34.21
38,Ferrara,1870,8575,40.1
39,Ravenna,1870,7169,32.62
40,Forlì,1870,8525,36.42
41,Pesaro e Urbino,1870,7243,34.16
42,Ancona,1870,9266,35.4
43,Macerata,1870,7352,31.16
44,Ascoli Piceno,1870,6385,31.56
45,Massa e Carrara,1870,6479,40.57
46,Lucca,1870,10068,36.18
48,Firenze,1870,30511,40.19
49,Livorno,1870,3791,32.1
50,Pisa,1870,9561,36.27
51,Arezzo,1870,8744,37.51
52,Siena,1870,7416,36.15
53,Grosseto,1870,4104,38.64
54,Umbria,1870,18048,33.07
61,Caserta,1870,24489,35.36
62,Benevento,1870,8331,36.09
63,Napoli,1870,34083,37.76
64,Avellino,1870,14017,37.85
65,Salerno,1870,19000,35.19
66,Aquila degli Abruzzi,1870,12047,36.4
67,Teramo,1870,7956,32.57
69,Chieti,1870,12953,38.24
70,Campobasso,1870,13844,39.01
71,Foggia,1870,12916,40.14
72,Bari delle Puglie,1870,26119,43.38
75,Lecce,1870,18392,37.79
76,Potenza,1870,20123,39.55
78,Cosenza,1870,17421,39.36
79,Catanzaro,1870,16249,39.68
80,Reggio di Calabria,1870,13333,37.95
81,Trapani,1870,9236,39.43
82,Palermo,1870,23433,39.43
83,Messina,1870,14229,35.09
84,Girgenti,1870,11886,40.06
85,Caltanissetta,1870,9322,41.23
87,Catania,1870,18437,37.56
89,Siracusa,1870,12234,42.11
90,Sassari,1870,9717,40.37
92,Cagliari,1870,14428,36.89
1,Torino,1871,33788,34.73
3,Novara,1871,23673,37.88
4,Cuneo,1871,23301,37.71
6,Alessandria,1871,24944,36.5
8,Porto Maurizio,1871,4354,34.27
10,Genova,1871,25093,35.08
13,Como,1871,17650,36.95
14,Sondrio,1871,4193,37.99
15,Milano,1871,39690,39.34
16,Bergamo,1871,14780,40.19
17,Brescia,1871,16437,36.09
18,Pavia,1871,16885,37.66
19,Cremona,1871,10965,36.48
20,Mantova,1871,10393,36.09
23,Verona,1871,12680,34.52
24,Vicenza,1871,14456,39.85
25,Belluno,1871,7194,41.05
26,Treviso,1871,14665,41.64
27,Venezia,1871,12228,36.24
28,Padova,1871,14716,40.38
29,Rovigo,1871,8653,43.12
30,Udine,1871,16969,35.26
33,Piacenza,1871,7535,33.37
34,Parma,1871,9135,34.55
35,Reggio nell'Emilia,1871,9095,37.81
36,Modena,1871,9468,34.6
37,Bologna,1871,14461,32.92
38,Ferrara,1871,8803,40.87
39,Ravenna,1871,6829,30.9
40,Forlì,1871,8426,35.84
41,Pesaro e Urbino,1871,7539,35.38
42,Ancona,1871,9316,35.49
43,Macerata,1871,8481,35.8
44,Ascoli Piceno,1871,6190,30.49
45,Massa e Carrara,1871,6778,41.87
46,Lucca,1871,10716,38.18
48,Firenze,1871,32153,41.97
49,Livorno,1871,3811,32.23
50,Pisa,1871,9991,37.57
51,Arezzo,1871,8782,37.43
52,Siena,1871,7497,36.32
53,Grosseto,1871,3870,36.22
54,Umbria,1871,18299,33.3
61,Caserta,1871,24297,34.84
62,Benevento,1871,8032,34.62
63,Napoli,1871,34015,37.52
64,Avellino,1871,13493,35.77
65,Salerno,1871,18946,35.0
66,Aquila degli Abruzzi,1871,12787,38.36
67,Teramo,1871,7671,31.2
69,Chieti,1871,12316,36.23
70,Campobasso,1871,14100,39.61
71,Foggia,1871,11766,36.46
72,Bari delle Puglie,1871,24654,40.6
75,Lecce,1871,17863,36.38
76,Potenza,1871,18951,37.12
78,Cosenza,1871,17365,39.12
79,Catanzaro,1871,14495,35.16
80,Reggio di Calabria,1871,12426,35.14
81,Trapani,1871,9019,38.16
82,Palermo,1871,23510,38.07
83,Messina,1871,13551,33.33
84,Girgenti,1871,12063,41.92
85,Caltanissetta,1871,9959,43.28
87,Catania,1871,18760,37.86
89,Siracusa,1871,11969,40.73
90,Sassari,1871,9124,37.48
92,Cagliari,1871,14076,35.8
1,Torino,1872,33242,33.97
3,Novara,1872,24225,38.45
4,Cuneo,1872,22177,35.79
6,Alessandria,1872,24699,35.9
8,Porto Maurizio,1872,4199,32.91
10,Genova,1872,24807,34.46
13,Como,1872,17521,36.4
14,Sondrio,1872,4378,39.49
15,Milano,1872,39824,39.06
16,Bergamo,1872,14509,39.21
17,Brescia,1872,15961,34.92
18,Pavia,1872,17332,38.47
19,Cremona,1872,11236,37.36
20,Mantova,1872,10364,35.89
23,Verona,1872,12624,34.12
24,Vicenza,1872,14600,39.88
25,Belluno,1872,7155,40.86
26,Treviso,1872,13428,37.88
27,Venezia,1872,12076,35.59
28,Padova,1872,14977,40.73
29,Rovigo,1872,9087,44.91
30,Udine,1872,17270,35.74
33,Piacenza,1872,7713,34.15
34,Parma,1872,9233,34.89
35,Reggio nell'Emilia,1872,8422,34.95
36,Modena,1872,9623,35.1
37,Bologna,1872,14457,32.78
38,Ferrara,1872,8996,41.47
39,Ravenna,1872,7016,31.68
40,Forlì,1872,8535,36.06
41,Pesaro e Urbino,1872,7678,35.87
42,Ancona,1872,9397,35.73
43,Macerata,1872,6912,29.14
44,Ascoli Piceno,1872,6331,31.09
45,Massa e Carrara,1872,6497,39.95
46,Lucca,1872,10005,35.6
48,Firenze,1872,30918,40.23
49,Livorno,1872,3732,31.48
50,Pisa,1872,9853,36.81
51,Arezzo,1872,8467,36.02
52,Siena,1872,7699,37.31
53,Grosseto,1872,3982,37.01
54,Umbria,1872,19057,34.53
58,Roma,1872,29611,35.13
61,Caserta,1872,26777,38.3
62,Benevento,1872,9661,41.53
63,Napoli,1872,35475,38.73
64,Avellino,1872,14979,39.55
65,Salerno,1872,20720,38.21
66,Aquila degli Abruzzi,1872,12218,36.44
67,Teramo,1872,7818,31.68
69,Chieti,1872,12419,36.49
70,Campobasso,1872,15351,43.01
71,Foggia,1872,13850,42.47
72,Bari delle Puglie,1872,27600,44.91
75,Lecce,1872,20304,40.83
76,Potenza,1872,22037,43.04
78,Cosenza,1872,18217,40.97
79,Catanzaro,1872,16579,40.01
80,Reggio di Calabria,1872,13411,37.72
81,Trapani,1872,10295,42.7
82,Palermo,1872,25969,41.5
83,Messina,1872,14814,35.96
84,Girgenti,1872,13587,46.82
85,Caltanissetta,1872,10638,45.52
87,Catania,1872,20550,40.92
89,Siracusa,1872,12755,42.71
90,Sassari,1872,9671,39.44
92,Cagliari,1872,15162,38.29
1,Torino,1873,31065,31.56
3,Novara,1873,22406,35.28
4,Cuneo,1873,21668,34.87
6,Alessandria,1873,23422,33.82
8,Porto Maurizio,1873,3891,30.38
10,Genova,1873,24199,33.41
13,Como,1873,17320,35.7
14,Sondrio,1873,4024,36.13
15,Milano,1873,40205,39.03
16,Bergamo,1873,13890,37.3
17,Brescia,1873,14987,32.67
18,Pavia,1873,17306,38.23
19,Cremona,1873,10321,34.3
20,Mantova,1873,9964,34.41
23,Verona,1873,12565,33.71
24,Vicenza,1873,13441,36.38
25,Belluno,1873,6693,38.24
26,Treviso,1873,13034,36.52
27,Venezia,1873,11612,34.03
28,Padova,1873,14739,39.72
29,Rovigo,1873,8936,43.79
30,Udine,1873,16188,33.36
33,Piacenza,1873,7381,32.66
34,Parma,1873,8849,33.4
35,Reggio nell'Emilia,1873,8809,36.49
36,Modena,1873,9354,34.05
37,Bologna,1873,14226,32.12
38,Ferrara,1873,8516,38.98
39,Ravenna,1873,6902,31.09
40,Forlì,1873,8902,37.36
41,Pesaro e Urbino,1873,7621,35.44
42,Ancona,1873,9196,34.9
43,Macerata,1873,7926,33.38
44,Ascoli Piceno,1873,6333,31.01
45,Massa e Carrara,1873,5812,35.57
46,Lucca,1873,9599,34.11
48,Firenze,1873,29873,38.74
49,Livorno,1873,3670,30.87
50,Pisa,1873,9845,36.54
51,Arezzo,1873,8524,36.2
52,Siena,1873,7054,34.19
53,Grosseto,1873,3792,35.01
54,Umbria,1873,17984,32.46
58,Roma,1873,28342,33.36
61,Caserta,1873,24817,35.41
62,Benevento,1873,8622,36.96
63,Napoli,1873,33367,36.06
64,Avellino,1873,14035,36.91
65,Salerno,1873,19298,35.53
66,Aquila degli Abruzzi,1873,12570,37.27
67,Teramo,1873,8329,33.63
69,Chieti,1873,13728,40.29
70,Campobasso,1873,15242,42.6
71,Foggia,1873,13040,39.58
72,Bari delle Puglie,1873,25532,41.07
75,Lecce,1873,19212,38.16
76,Potenza,1873,20868,40.65
78,Cosenza,1873,16649,37.38
79,Catanzaro,1873,16960,40.71
80,Reggio di Calabria,1873,13497,37.76
81,Trapani,1873,10450,42.5
82,Palermo,1873,24409,38.51
83,Messina,1873,15084,36.14
84,Girgenti,1873,12998,44.41
85,Caltanissetta,1873,10637,44.82
87,Catania,1873,19725,38.75
89,Siracusa,1873,12325,40.62
90,Sassari,1873,9517,38.54
92,Cagliari,1873,15090,37.85
1,Torino,1874,32023,32.35
3,Novara,1874,22191,34.66
4,Cuneo,1874,21009,33.72
6,Alessandria,1874,22775,32.66
8,Porto Maurizio,1874,3998,31.09
10,Genova,1874,24426,33.52
13,Como,1874,17604,36.01
14,Sondrio,1874,4163,37.21
15,Milano,1874,39265,37.73
16,Bergamo,1874,13338,35.6
17,Brescia,1874,14305,31.08
18,Pavia,1874,16241,35.71
19,Cremona,1874,10072,33.46
20,Mantova,1874,9367,32.27
23,Verona,1874,11429,30.45
24,Vicenza,1874,13472,36.13
25,Belluno,1874,6860,39.22
26,Treviso,1874,12809,35.66
27,Venezia,1874,10923,31.83
28,Padova,1874,12729,34.0
29,Rovigo,1874,7631,37.09
30,Udine,1874,15936,32.7
33,Piacenza,1874,7240,32.03
34,Parma,1874,8361,31.52
35,Reggio nell'Emilia,1874,7967,32.94
36,Modena,1874,9071,32.95
37,Bologna,1874,13878,31.21
38,Ferrara,1874,8138,36.99
39,Ravenna,1874,6507,29.25
40,Forlì,1874,7971,33.23
41,Pesaro e Urbino,1874,7184,33.25
42,Ancona,1874,8654,32.79
43,Macerata,1874,6946,29.22
44,Ascoli Piceno,1874,5933,28.96
45,Massa e Carrara,1874,6394,38.95
46,Lucca,1874,9735,34.54
48,Firenze,1874,29134,37.66
49,Livorno,1874,3457,28.99
50,Pisa,1874,9559,35.25
51,Arezzo,1874,8112,34.39
52,Siena,1874,7152,34.67
53,Grosseto,1874,4063,37.25
54,Umbria,1874,18041,32.43
58,Roma,1874,28921,33.78
61,Caserta,1874,24168,34.41
62,Benevento,1874,7986,34.14
63,Napoli,1874,31809,34.02
64,Avellino,1874,13511,35.38
65,Salerno,1874,17921,32.94
66,Aquila degli Abruzzi,1874,12620,37.2
67,Teramo,1874,7523,30.27
69,Chieti,1874,11686,34.25
70,Campobasso,1874,14348,39.99
71,Foggia,1874,12565,37.76
72,Bari delle Puglie,1874,24144,38.39
75,Lecce,1874,17209,33.76
76,Potenza,1874,19374,37.64
78,Cosenza,1874,17174,38.5
79,Catanzaro,1874,15437,36.86
80,Reggio di Calabria,1874,12416,34.55
81,Trapani,1874,9232,36.83
82,Palermo,1874,23471,36.56
83,Messina,1874,14032,33.19
84,Girgenti,1874,12900,43.71
85,Caltanissetta,1874,10551,43.78
87,Catania,1874,19350,37.51
89,Siracusa,1874,12439,40.36
90,Sassari,1874,9971,40.09
92,Cagliari,1874,14787,36.84
1,Torino,1875,33947,34.1
3,Novara,1875,25259,39.14
4,Cuneo,1875,23493,37.6
6,Alessandria,1875,26077,37.15
8,Porto Maurizio,1875,4218,32.66
10,Genova,1875,26082,35.57
13,Como,1875,18882,38.33
14,Sondrio,1875,4113,36.6
15,Milano,1875,42416,40.35
16,Bergamo,1875,15585,41.34
17,Brescia,1875,16145,34.95
18,Pavia,1875,17284,37.83
19,Cremona,1875,10592,35.17
20,Mantova,1875,10674,36.67
23,Verona,1875,12898,34.12
24,Vicenza,1875,15694,41.72
25,Belluno,1875,7301,41.77
26,Treviso,1875,14796,40.92
27,Venezia,1875,12432,36.02
28,Padova,1875,15376,40.7
29,Rovigo,1875,8888,42.84
30,Udine,1875,17773,36.32
33,Piacenza,1875,7756,34.3
34,Parma,1875,9417,35.46
35,Reggio nell'Emilia,1875,9051,37.36
36,Modena,1875,9920,35.96
37,Bologna,1875,15142,33.91
38,Ferrara,1875,9254,41.77
39,Ravenna,1875,7229,32.43
40,Forlì,1875,9358,38.75
41,Pesaro e Urbino,1875,7817,36.01
42,Ancona,1875,9226,34.89
43,Macerata,1875,7021,29.5
44,Ascoli Piceno,1875,6240,30.37
45,Massa e Carrara,1875,6557,39.76
46,Lucca,1875,10243,36.3
48,Firenze,1875,31220,40.23
49,Livorno,1875,3691,30.87
50,Pisa,1875,10367,37.98
51,Arezzo,1875,8946,37.86
52,Siena,1875,7439,36.07
53,Grosseto,1875,4027,36.67
54,Umbria,1875,18770,33.6
58,Roma,1875,29962,34.73
61,Caserta,1875,26472,37.6
62,Benevento,1875,9419,40.15
63,Napoli,1875,34168,36.18
64,Avellino,1875,16152,42.13
65,Salerno,1875,19754,36.26
66,Aquila degli Abruzzi,1875,12996,38.09
67,Teramo,1875,7730,30.99
69,Chieti,1875,13140,38.47
70,Campobasso,1875,15059,41.86
71,Foggia,1875,14402,42.85
72,Bari delle Puglie,1875,27549,43.31
75,Lecce,1875,18736,36.32
76,Potenza,1875,20942,40.57
78,Cosenza,1875,16716,37.41
79,Catanzaro,1875,15724,37.36
80,Reggio di Calabria,1875,12994,35.97
81,Trapani,1875,10186,39.88
82,Palermo,1875,25581,39.35
83,Messina,1875,15667,36.59
84,Girgenti,1875,13413,45.07
85,Caltanissetta,1875,11151,45.59
87,Catania,1875,20985,40.15
89,Siracusa,1875,12949,41.38
90,Sassari,1875,9840,39.28
92,Cagliari,1875,15074,37.3
1,Torino,1876,34147,34.11
3,Novara,1876,25275,38.86
4,Cuneo,1876,23913,38.17
6,Alessandria,1876,27536,38.97
8,Porto Maurizio,1876,4501,34.72
10,Genova,1876,26678,36.16
13,Como,1876,19525,39.34
14,Sondrio,1876,4445,39.38
15,Milano,1876,44797,42.19
16,Bergamo,1876,15651,41.27
17,Brescia,1876,16457,35.51
18,Pavia,1876,19084,41.57
19,Cremona,1876,11217,37.22
20,Mantova,1876,11104,38.05
23,Verona,1876,14165,37.21
24,Vicenza,1876,16227,42.75
25,Belluno,1876,7365,42.16
26,Treviso,1876,15743,43.26
27,Venezia,1876,13385,38.57
28,Padova,1876,17194,45.12
29,Rovigo,1876,10017,47.89
30,Udine,1876,18978,38.62
33,Piacenza,1876,8203,36.26
34,Parma,1876,9815,36.92
35,Reggio nell'Emilia,1876,9964,41.05
36,Modena,1876,11372,41.14
37,Bologna,1876,15984,35.65
38,Ferrara,1876,10226,45.84
39,Ravenna,1876,7741,34.65
40,Forlì,1876,9870,40.6
41,Pesaro e Urbino,1876,8334,38.22
42,Ancona,1876,9788,36.95
43,Macerata,1876,8046,33.77
44,Ascoli Piceno,1876,7003,33.98
45,Massa e Carrara,1876,7075,42.71
46,Lucca,1876,10600,37.51
48,Firenze,1876,30328,38.96
49,Livorno,1876,3670,30.61
50,Pisa,1876,10259,37.34
51,Arezzo,1876,9331,39.42
52,Siena,1876,7364,35.72
53,Grosseto,1876,4174,37.75
54,Umbria,1876,19811,35.32
58,Roma,1876,30388,34.95
61,Caserta,1876,27926,39.57
62,Benevento,1876,9284,39.47
63,Napoli,1876,35895,37.63
64,Avellino,1876,16322,42.4
65,Salerno,1876,20473,37.51
66,Aquila degli Abruzzi,1876,13831,40.3
67,Teramo,1876,8883,35.48
69,Chieti,1876,13362,39.08
70,Campobasso,1876,15157,42.02
71,Foggia,1876,13566,39.96
72,Bari delle Puglie,1876,28482,44.27
75,Lecce,1876,22570,43.23
76,Potenza,1876,21632,41.8
78,Cosenza,1876,17661,39.46
79,Catanzaro,1876,17377,41.07
80,Reggio di Calabria,1876,14518,39.98
81,Trapani,1876,10748,41.31
82,Palermo,1876,27164,41.27
83,Messina,1876,17119,39.48
84,Girgenti,1876,13512,45.03
85,Caltanissetta,1876,10794,43.48
87,Catania,1876,21782,41.14
89,Siracusa,1876,13982,44.01
90,Sassari,1876,9672,38.34
92,Cagliari,1876,15261,37.5
1,Torino,1877,33909,33.68
3,Novara,1877,24659,37.62
4,Cuneo,1877,22380,35.62
6,Alessandria,1877,24740,34.79
8,Porto Maurizio,1877,4081,31.35
10,Genova,1877,25175,33.92
13,Como,1877,19616,39.23
14,Sondrio,1877,4359,38.44
15,Milano,1877,43965,40.99
16,Bergamo,1877,14989,39.28
17,Brescia,1877,14666,31.53
18,Pavia,1877,17231,37.36
19,Cremona,1877,9962,33.04
20,Mantova,1877,9745,33.31
23,Verona,1877,12331,32.16
24,Vicenza,1877,14601,38.13
25,Belluno,1877,6895,39.5
26,Treviso,1877,13164,35.94
27,Venezia,1877,11602,33.25
28,Padova,1877,13851,36.03
29,Rovigo,1877,8190,38.84
30,Udine,1877,16628,33.69
33,Piacenza,1877,7967,35.2
34,Parma,1877,9085,34.14
35,Reggio nell'Emilia,1877,8588,35.32
36,Modena,1877,10007,36.13
37,Bologna,1877,15021,33.37
38,Ferrara,1877,8922,39.72
39,Ravenna,1877,7190,32.12
40,Forlì,1877,9296,37.99
41,Pesaro e Urbino,1877,7909,36.11
42,Ancona,1877,9443,35.58
43,Macerata,1877,7771,32.57
44,Ascoli Piceno,1877,6678,32.31
45,Massa e Carrara,1877,6232,37.45
46,Lucca,1877,9840,34.78
48,Firenze,1877,28914,37.03
49,Livorno,1877,3580,29.77
50,Pisa,1877,9876,35.72
51,Arezzo,1877,8446,35.62
52,Siena,1877,7221,35.03
53,Grosseto,1877,3714,33.37
54,Umbria,1877,18324,32.54
58,Roma,1877,29658,33.85
61,Caserta,1877,27005,38.17
62,Benevento,1877,9567,40.56
63,Napoli,1877,34714,36.04
64,Avellino,1877,16053,41.54
65,Salerno,1877,21491,39.32
66,Aquila degli Abruzzi,1877,13941,40.39
67,Teramo,1877,8635,34.37
69,Chieti,1877,13238,38.67
70,Campobasso,1877,15897,43.96
71,Foggia,1877,14046,40.97
72,Bari delle Puglie,1877,26667,40.99
75,Lecce,1877,19578,37.06
76,Potenza,1877,22584,43.52
78,Cosenza,1877,18168,40.53
79,Catanzaro,1877,16721,39.32
80,Reggio di Calabria,1877,13786,37.76
81,Trapani,1877,10279,38.8
82,Palermo,1877,25913,38.89
83,Messina,1877,16261,37.04
84,Girgenti,1877,13804,45.63
85,Caltanissetta,1877,11223,44.56
87,Catania,1877,21466,40.03
89,Siracusa,1877,13973,43.33
90,Sassari,1877,9718,38.26
92,Cagliari,1877,15258,37.25
1,Torino,1878,34089,33.67
3,Novara,1878,24614,37.26
4,Cuneo,1878,23278,36.95
6,Alessandria,1878,25416,35.51
8,Porto Maurizio,1878,4230,32.37
10,Genova,1878,25075,33.58
13,Como,1878,19595,38.89
14,Sondrio,1878,4476,39.3
15,Milano,1878,44337,40.94
16,Bergamo,1878,15759,41.05
17,Brescia,1878,15744,33.73
18,Pavia,1878,17546,37.87
19,Cremona,1878,10108,33.51
20,Mantova,1878,9877,33.67
23,Verona,1878,12340,31.97
24,Vicenza,1878,15109,39.11
25,Belluno,1878,6694,38.37
26,Treviso,1878,13684,37.12
27,Venezia,1878,11411,32.52
28,Padova,1878,13969,36.03
29,Rovigo,1878,8042,37.83
30,Udine,1878,17902,36.12
33,Piacenza,1878,7336,32.4
34,Parma,1878,8775,32.94
35,Reggio nell'Emilia,1878,8490,34.85
36,Modena,1878,9513,34.28
37,Bologna,1878,14372,31.8
38,Ferrara,1878,8426,37.25
39,Ravenna,1878,6812,30.37
40,Forlì,1878,9185,37.29
41,Pesaro e Urbino,1878,8096,36.79
42,Ancona,1878,9752,36.68
43,Macerata,1878,7883,33.01
44,Ascoli Piceno,1878,6608,31.87
45,Massa e Carrara,1878,5921,35.42
46,Lucca,1878,9445,33.33
48,Firenze,1878,26802,34.21
49,Livorno,1878,3408,28.26
50,Pisa,1878,9211,33.1
51,Arezzo,1878,7948,33.46
52,Siena,1878,6891,33.44
53,Grosseto,1878,3890,34.72
54,Umbria,1878,17839,31.56
58,Roma,1878,29367,33.27
61,Caserta,1878,25500,35.96
62,Benevento,1878,8842,37.39
63,Napoli,1878,32691,33.61
64,Avellino,1878,14301,36.86
65,Salerno,1878,19237,35.14
66,Aquila degli Abruzzi,1878,13949,40.19
67,Teramo,1878,8408,33.35
69,Chieti,1878,12822,37.41
70,Campobasso,1878,14607,40.29
71,Foggia,1878,14173,40.94
72,Bari delle Puglie,1878,27632,42.01
75,Lecce,1878,21303,39.85
76,Potenza,1878,21982,42.25
78,Cosenza,1878,16730,37.26
79,Catanzaro,1878,14832,34.7
80,Reggio di Calabria,1878,12250,33.38
81,Trapani,1878,10802,40.06
82,Palermo,1878,26383,39.12
83,Messina,1878,15980,35.96
84,Girgenti,1878,13404,43.95
85,Caltanissetta,1878,10877,42.57
87,Catania,1878,20457,37.67
89,Siracusa,1878,13037,39.84
90,Sassari,1878,9252,36.17
92,Cagliari,1878,14659,35.55
1,Torino,1879,34484,33.88
3,Novara,1879,25066,37.66
4,Cuneo,1879,23725,37.55
6,Alessandria,1879,26653,37.0
8,Porto Maurizio,1879,4228,32.22
10,Genova,1879,26038,34.67
13,Como,1879,19071,37.57
14,Sondrio,1879,4477,39.14
15,Milano,1879,44560,40.74
16,Bergamo,1879,15062,39.0
17,Brescia,1879,15462,33.02
18,Pavia,1879,17960,38.58
19,Cremona,1879,10411,34.5
20,Mantova,1879,10518,35.76
23,Verona,1879,13779,35.45
24,Vicenza,1879,15729,40.37
25,Belluno,1879,6344,36.39
26,Treviso,1879,13616,36.7
27,Venezia,1879,12179,34.53
28,Padova,1879,15930,40.73
29,Rovigo,1879,9638,44.98
30,Udine,1879,16740,33.64
33,Piacenza,1879,7949,35.09
34,Parma,1879,9495,35.6
35,Reggio nell'Emilia,1879,9405,38.54
36,Modena,1879,10593,38.09
37,Bologna,1879,15979,35.21
38,Ferrara,1879,9535,41.87
39,Ravenna,1879,7246,32.23
40,Forlì,1879,9984,40.28
41,Pesaro e Urbino,1879,8067,36.49
42,Ancona,1879,9793,36.77
43,Macerata,1879,8375,35.03
44,Ascoli Piceno,1879,7064,33.97
45,Massa e Carrara,1879,6752,40.21
46,Lucca,1879,10457,36.86
48,Firenze,1879,29379,37.39
49,Livorno,1879,3457,28.59
50,Pisa,1879,10149,36.24
51,Arezzo,1879,9336,39.24
52,Siena,1879,7418,36.01
53,Grosseto,1879,4106,36.4
54,Umbria,1879,19483,34.33
58,Roma,1879,30298,34.07
61,Caserta,1879,26619,37.45
62,Benevento,1879,9846,41.52
63,Napoli,1879,36185,36.84
64,Avellino,1879,16200,41.59
65,Salerno,1879,20293,37.0
66,Aquila degli Abruzzi,1879,13775,39.46
67,Teramo,1879,9271,36.64
69,Chieti,1879,14501,42.26
70,Campobasso,1879,16534,45.48
71,Foggia,1879,14829,42.42
72,Bari delle Puglie,1879,29044,43.68
75,Lecce,1879,21056,38.94
76,Potenza,1879,22587,43.29
78,Cosenza,1879,17920,39.85
79,Catanzaro,1879,16404,38.18
80,Reggio di Calabria,1879,12754,34.57
81,Trapani,1879,10796,39.34
82,Palermo,1879,27260,39.93
83,Messina,1879,16725,37.19
84,Girgenti,1879,13747,44.71
85,Caltanissetta,1879,11214,43.28
87,Catania,1879,21502,39.11
89,Siracusa,1879,14126,42.55
90,Sassari,1879,9869,38.32
92,Cagliari,1879,14776,35.59
1,Torino,1880,33121,32.36
3,Novara,1880,23538,35.09
4,Cuneo,1880,22445,35.43
6,Alessandria,1880,24567,33.88
8,Porto Maurizio,1880,4014,30.47
10,Genova,1880,23251,30.77
13,Como,1880,18720,36.61
14,Sondrio,1880,4231,36.82
15,Milano,1880,42233,38.25
16,Bergamo,1880,14828,38.17
17,Brescia,1880,14157,30.13
18,Pavia,1880,16120,34.47
19,Cremona,1880,9106,30.16
20,Mantova,1880,8772,29.75
23,Verona,1880,11429,29.2
24,Vicenza,1880,12952,32.96
25,Belluno,1880,6479,37.18
26,Treviso,1880,11675,31.27
27,Venezia,1880,10348,29.18
28,Padova,1880,11627,29.48
29,Rovigo,1880,7503,34.74
30,Udine,1880,16186,32.39
33,Piacenza,1880,6438,28.41
34,Parma,1880,8021,30.04
35,Reggio nell'Emilia,1880,8166,33.4
36,Modena,1880,9195,33.0
37,Bologna,1880,13907,30.52
38,Ferrara,1880,7885,34.39
39,Ravenna,1880,6851,30.41
40,Forlì,1880,8980,35.99
41,Pesaro e Urbino,1880,7784,35.06
42,Ancona,1880,8854,33.18
43,Macerata,1880,7449,31.12
44,Ascoli Piceno,1880,6506,31.19
45,Massa e Carrara,1880,6079,36.04
46,Lucca,1880,8997,31.67
48,Firenze,1880,24169,30.66
49,Livorno,1880,3298,27.2
50,Pisa,1880,8935,31.71
51,Arezzo,1880,7175,30.11
52,Siena,1880,6095,29.59
53,Grosseto,1880,3571,31.45
54,Umbria,1880,16431,28.84
58,Roma,1880,26676,29.78
61,Caserta,1880,21221,29.79
62,Benevento,1880,7250,30.49
63,Napoli,1880,32958,33.24
64,Avellino,1880,17019,43.52
65,Salerno,1880,17976,32.73
66,Aquila degli Abruzzi,1880,12783,36.42
67,Teramo,1880,7582,29.86
69,Chieti,1880,11457,33.35
70,Campobasso,1880,12735,34.94
71,Foggia,1880,14007,39.69
72,Bari delle Puglie,1880,28902,43.0
75,Lecce,1880,20965,38.33
76,Potenza,1880,20339,38.88
78,Cosenza,1880,15860,35.21
79,Catanzaro,1880,14520,33.63
80,Reggio di Calabria,1880,11970,32.28
81,Trapani,1880,10709,38.36
82,Palermo,1880,25579,37.03
83,Messina,1880,15115,33.21
84,Girgenti,1880,12419,40.07
85,Caltanissetta,1880,10849,41.29
87,Catania,1880,20441,36.72
89,Siracusa,1880,12473,37.04
90,Sassari,1880,9576,36.93
92,Cagliari,1880,14131,33.82
1,Torino,1881,34515,33.54
3,Novara,1881,24091,35.65
4,Cuneo,1881,24077,37.9
6,Alessandria,1881,28548,39.12
8,Porto Maurizio,1881,4310,32.59
10,Genova,1881,25900,34.08
13,Como,1881,18973,36.84
14,Sondrio,1881,2270,19.67
15,Milano,1881,45518,40.83
16,Bergamo,1881,15584,39.88
17,Brescia,1881,16069,34.08
18,Pavia,1881,17774,37.83
19,Cremona,1881,10535,34.87
20,Mantova,1881,10192,34.47
23,Verona,1881,13547,34.38
24,Vicenza,1881,15661,39.51
25,Belluno,1881,6391,36.7
26,Treviso,1881,13795,36.72
27,Venezia,1881,12727,35.69
28,Padova,1881,15719,39.52
29,Rovigo,1881,9070,41.66
30,Udine,1881,17060,34.0
33,Piacenza,1881,8359,36.87
34,Parma,1881,9552,35.74
35,Reggio nell'Emilia,1881,9066,37.02
36,Modena,1881,10677,38.24
37,Bologna,1881,15384,33.63
38,Ferrara,1881,9093,39.4
39,Ravenna,1881,7064,31.29
40,Forlì,1881,10514,41.87
41,Pesaro e Urbino,1881,8681,38.92
42,Ancona,1881,10179,38.08
43,Macerata,1881,8616,35.95
44,Ascoli Piceno,1881,7705,36.83
45,Massa e Carrara,1881,6712,39.62
46,Lucca,1881,10304,36.22
48,Firenze,1881,30235,38.24
49,Livorno,1881,3510,28.87
50,Pisa,1881,10635,37.51
51,Arezzo,1881,9461,39.63
52,Siena,1881,7695,37.37
53,Grosseto,1881,4200,36.75
54,Umbria,1881,21203,37.07
58,Roma,1881,31298,34.68
61,Caserta,1881,26521,37.14
62,Benevento,1881,9982,41.87
63,Napoli,1881,36056,36.02
64,Avellino,1881,15826,40.31
65,Salerno,1881,20662,37.56
66,Aquila degli Abruzzi,1881,13707,38.83
67,Teramo,1881,9415,36.95
69,Chieti,1881,14307,41.6
70,Campobasso,1881,16183,44.29
71,Foggia,1881,15888,44.6
72,Bari delle Puglie,1881,29884,43.99
75,Lecce,1881,22351,40.4
76,Potenza,1881,22959,43.77
78,Cosenza,1881,17784,39.42
79,Catanzaro,1881,16390,37.77
80,Reggio di Calabria,1881,13750,36.89
81,Trapani,1881,11989,42.22
82,Palermo,1881,28146,40.27
83,Messina,1881,16731,36.33
84,Girgenti,1881,14513,46.46
85,Caltanissetta,1881,12022,45.13
87,Catania,1881,21772,38.64
89,Siracusa,1881,14245,41.71
90,Sassari,1881,9958,38.14
92,Cagliari,1881,14882,35.38
1,Torino,1901,29710,26.44
3,Novara,1901,22243,29.95
4,Cuneo,1901,20356,31.94
6,Alessandria,1901,25294,31.19
8,Porto Maurizio,1901,3383,23.71
10,Genova,1901,26371,28.24
13,Como,1901,20036,34.56
14,Sondrio,1901,3983,31.75
15,Milano,1901,52389,36.35
16,Bergamo,1901,18969,41.32
17,Brescia,1901,18665,34.7
18,Pavia,1901,15470,31.16
19,Cremona,1901,10779,32.89
20,Mantova,1901,10288,33.0
23,Verona,1901,13617,32.25
24,Vicenza,1901,16440,36.74
25,Belluno,1901,7488,38.84
26,Treviso,1901,16366,39.77
27,Venezia,1901,13773,34.3
28,Padova,1901,16817,37.97
29,Rovigo,1901,8957,40.38
30,Udine,1901,21932,37.03
33,Piacenza,1901,8083,32.99
34,Parma,1901,9793,33.31
35,Reggio nell'Emilia,1901,10255,37.38
36,Modena,1901,11153,35.33
37,Bologna,1901,16035,30.42
38,Ferrara,1901,10374,38.21
39,Ravenna,1901,6128,26.03
40,Forlì,1901,9610,34.24
41,Pesaro e Urbino,1901,8692,34.24
42,Ancona,1901,9824,32.54
43,Macerata,1901,7891,30.43
44,Ascoli Piceno,1901,7674,31.33
45,Massa e Carrara,1901,7101,36.37
46,Lucca,1901,9481,29.7
48,Firenze,1901,28432,30.29
49,Livorno,1901,3082,24.88
50,Pisa,1901,9890,30.86
51,Arezzo,1901,8722,32.12
52,Siena,1901,6587,28.19
53,Grosseto,1901,4418,30.58
54,Umbria,1901,19233,28.84
58,Roma,1901,33272,27.81
61,Caserta,1901,24035,30.63
62,Benevento,1901,7941,30.99
63,Napoli,1901,35616,30.95
64,Avellino,1901,12912,32.09
65,Salerno,1901,17039,30.21
66,Aquila degli Abruzzi,1901,13960,35.23
67,Teramo,1901,9719,31.67
69,Chieti,1901,11726,31.65
70,Campobasso,1901,11918,32.53
71,Foggia,1901,14485,34.06
72,Bari delle Puglie,1901,29750,36.04
75,Lecce,1901,22694,32.15
76,Potenza,1901,16928,34.53
78,Cosenza,1901,15400,33.14
79,Catanzaro,1901,15470,32.5
80,Reggio di Calabria,1901,14351,33.5
81,Trapani,1901,11883,32.33
82,Palermo,1901,24998,31.88
83,Messina,1901,16973,31.24
84,Girgenti,1901,14427,38.9
85,Caltanissetta,1901,12750,38.95
87,Catania,1901,24348,34.57
89,Siracusa,1901,15496,36.3
90,Sassari,1901,9820,31.92
92,Cagliari,1901,14768,30.58
1,Torino,1911,25932,21.4
3,Novara,1911,17071,22.58
4,Cuneo,1911,18134,28.06
6,Alessandria,1911,20120,25.24
8,Porto Maurizio,1911,3032,20.73
10,Genova,1911,26223,25.02
13,Como,1911,19097,31.01
14,Sondrio,1911,4218,32.51
15,Milano,1911,55618,32.22
16,Bergamo,1911,22113,43.25
17,Brescia,1911,21329,35.95
18,Pavia,1911,12620,24.67
19,Cremona,1911,10907,31.27
20,Mantova,1911,11388,32.63
23,Verona,1911,14964,31.52
24,Vicenza,1911,18034,36.35
25,Belluno,1911,7103,36.86
26,Treviso,1911,18706,38.1
27,Venezia,1911,17131,36.73
28,Padova,1911,19740,38.02
29,Rovigo,1911,10200,39.57
30,Udine,1911,24613,39.23
33,Piacenza,1911,8333,32.63
34,Parma,1911,10785,33.1
35,Reggio nell'Emilia,1911,11890,38.32
36,Modena,1911,13027,36.91
37,Bologna,1911,17582,30.43
38,Ferrara,1911,11937,38.79
39,Ravenna,1911,6869,27.67
40,Forlì,1911,10956,36.35
41,Pesaro e Urbino,1911,8950,34.27
42,Ancona,1911,10594,33.14
43,Macerata,1911,8224,31.9
44,Ascoli Piceno,1911,7988,31.51
45,Massa e Carrara,1911,7213,33.98
46,Lucca,1911,9084,27.28
48,Firenze,1911,26587,26.62
49,Livorno,1911,3330,24.56
50,Pisa,1911,9343,27.32
51,Arezzo,1911,8856,31.26
52,Siena,1911,6553,27.13
53,Grosseto,1911,4555,31.06
54,Umbria,1911,20666,30.23
58,Roma,1911,38867,29.68
61,Caserta,1911,24479,31.05
62,Benevento,1911,7913,31.31
63,Napoli,1911,39316,30.2
64,Avellino,1911,12679,32.18
65,Salerno,1911,17775,31.96
66,Aquila degli Abruzzi,1911,12226,30.15
67,Teramo,1911,9192,29.91
69,Chieti,1911,10681,29.27
70,Campobasso,1911,10816,31.15
71,Foggia,1911,16615,35.63
72,Bari delle Puglie,1911,32806,36.83
75,Lecce,1911,28518,37.0
76,Potenza,1911,16884,35.95
78,Cosenza,1911,16290,34.99
79,Catanzaro,1911,15673,32.59
80,Reggio di Calabria,1911,16236,36.6
81,Trapani,1911,10584,30.26
82,Palermo,1911,25016,31.5
83,Messina,1911,16210,31.58
84,Girgenti,1911,14368,36.97
85,Caltanissetta,1911,12637,37.34
87,Catania,1911,24274,31.0
89,Siracusa,1911,15523,33.13
90,Sassari,1911,10685,32.24
92,Cagliari,1911,16597,31.98
1,Torino,1921,23283,18.62
3,Novara,1921,13565,18.76
4,Cuneo,1921,15339,24.67
6,Alessandria,1921,16226,20.84
8,Porto Maurizio,1921,2856,19.04
10,Genova,1921,25060,21.39
13,Como,1921,15918,25.31
14,Sondrio,1921,4017,30.7
15,Milano,1921,46982,24.68
16,Bergamo,1921,23130,41.72
17,Brescia,1921,22379,34.44
18,Pavia,1921,9664,19.68
19,Cremona,1921,10216,28.63
20,Mantova,1921,11390,30.28
23,Verona,1921,15323,29.63
24,Vicenza,1921,18329,33.57
25,Belluno,1921,8476,37.18
26,Treviso,1921,20066,36.66
27,Venezia,1921,17938,34.63
28,Padova,1921,20192,34.43
29,Rovigo,1921,11083,38.66
30,Udine,1921,24773,34.52
33,Piacenza,1921,7417,26.44
34,Parma,1921,9912,28.86
35,Reggio nell'Emilia,1921,11527,33.46
36,Modena,1921,13648,34.59
37,Bologna,1921,17286,26.93
38,Ferrara,1921,12509,36.21
39,Ravenna,1921,6533,25.46
40,Forlì,1921,11596,35.2
41,Pesaro e Urbino,1921,9665,34.59
42,Ancona,1921,10597,31.76
43,Macerata,1921,8545,32.13
44,Ascoli Piceno,1921,8589,32.53
45,Massa e Carrara,1921,8053,36.06
46,Lucca,1921,9618,27.91
48,Firenze,1921,27533,26.58
49,Livorno,1921,3478,24.29
50,Pisa,1921,9748,27.13
51,Arezzo,1921,9930,33.46
52,Siena,1921,7214,29.23
53,Grosseto,1921,5259,32.19
54,Umbria,1921,24812,33.82
58,Roma,1921,45058,30.05
61,Caserta,1921,29635,36.3
62,Benevento,1921,9082,34.16
63,Napoli,1921,46557,31.86
64,Avellino,1921,14797,36.92
65,Salerno,1921,20646,35.76
66,Aquila degli Abruzzi,1921,13877,35.39
67,Teramo,1921,11003,34.39
69,Chieti,1921,13530,36.14
70,Campobasso,1921,12205,36.03
71,Foggia,1921,17796,39.13
72,Bari delle Puglie,1921,33083,34.99
75,Lecce,1921,31563,35.97
76,Potenza,1921,17750,38.0
78,Cosenza,1921,18342,37.31
79,Catanzaro,1921,19521,38.42
80,Reggio di Calabria,1921,16922,35.26
81,Trapani,1921,9403,23.17
82,Palermo,1921,23473,27.5
83,Messina,1921,16869,29.29
84,Girgenti,1921,12123,29.61
85,Caltanissetta,1921,10642,27.83
87,Catania,1921,23957,27.55
89,Siracusa,1921,14605,27.72
90,Sassari,1921,9940,30.07
92,Cagliari,1921,16261,30.92
1,Torino,1931,17311,15.07
2,Vercelli,1931,5259,14.63
3,Novara,1931,6439,16.54
4,Cuneo,1931,12845,20.73
6,Alessandria,1931,11497,15.21
7,Aosta,1931,4026,17.81
8,Porto Maurizio,1931,2562,15.78
9,Savona,1931,3692,16.71
10,Genova,1931,12141,14.61
11,La Spezia,1931,4064,18.31
12,Varese,1931,6832,17.87
13,Como,1931,10454,21.46
14,Sondrio,1931,3587,26.82
15,Milano,1931,39383,19.68
16,Bergamo,1931,18811,32.17
17,Brescia,1931,20831,29.32
18,Pavia,1931,7768,16.12
19,Cremona,1931,8330,20.78
20,Mantova,1931,8971,22.56
21,Bolzano,1931,6440,23.89
22,Trento,1931,8032,20.57
23,Verona,1931,13005,23.09
24,Vicenza,1931,13886,26.29
25,Belluno,1931,4846,23.04
26,Treviso,1931,14770,26.34
27,Venezia,1931,16267,27.37
28,Padova,1931,13177,20.85
29,Rovigo,1931,10193,32.29
30,Udine,1931,15219,21.19
31,Gorizia,1931,4105,20.0
32,Fiume,1931,2021,
33,Piacenza,1931,6185,21.3
34,Parma,1931,7268,19.45
35,Reggio nell'Emilia,1931,8183,22.68
36,Modena,1931,10854,24.21
37,Bologna,1931,12644,18.51
38,Ferrara,1931,9341,25.48
39,Ravenna,1931,4302,15.84
40,Forlì,1931,10380,24.04
41,Pesaro e Urbino,1931,8039,27.31
42,Ancona,1931,8729,24.46
43,Macerata,1931,6991,25.18
44,Ascoli Piceno,1931,7737,26.79
45,Massa e Carrara,1931,4673,24.64
46,Lucca,1931,6658,19.59
47,Pistoia,1931,3802,18.79
48,Firenze,1931,14076,16.76
49,Livorno,1931,4425,18.01
50,Pisa,1931,6181,18.44
51,Arezzo,1931,7582,25.18
52,Siena,1931,5212,20.0
53,Grosseto,1931,3834,21.66
54,Umbria,1931,13253,25.74
55,Terni,1931,4002,22.36
56,Viterbo,1931,5236,22.77
57,Rieti,1931,4231,25.81
58,Roma,1931,37826,24.01
60,Frosinone,1931,13338,32.25
62,Benevento,1931,10548,31.88
63,Napoli,1931,63157,30.45
64,Avellino,1931,14569,34.64
65,Salerno,1931,21740,33.05
66,Aquila degli Abruzzi,1931,9911,28.78
67,Teramo,1931,7061,31.19
68,Pescara,1931,5599,28.94
69,Chieti,1931,10699,29.08
70,Campobasso,1931,11759,31.16
71,Foggia,1931,16410,32.47
72,Bari delle Puglie,1931,31545,33.25
73,Taranto,1931,9805,32.38
74,Brindisi,1931,7562,31.23
75,Lecce,1931,16444,33.76
76,Potenza,1931,12413,35.4
77,Matera,1931,5393,35.02
78,Cosenza,1931,18191,33.35
79,Catanzaro,1931,19241,33.62
80,Reggio di Calabria,1931,17010,30.96
81,Trapani,1931,8764,23.41
82,Palermo,1931,23641,28.09
83,Messina,1931,15933,26.52
84,Girgenti,1931,13019,32.65
85,Caltanissetta,1931,8296,33.8
86,Enna,1931,6556,29.03
87,Catania,1931,19184,27.99
88,Ragusa,1931,6116,25.72
89,Siracusa,1931,7238,25.47
90,Sassari,1931,8048,27.8
91,Nuoro,1931,6089,29.38
92,Cagliari,1931,13949,29.31
6,Alessandria,1894,26855,34.32
42,Ancona,1894,10915,37.66
66,Aquila,1894,14890,39.07
51,Arezzo,1894,9717,37.37
44,AscoliPiceno,1894,8402,36.15
64,Avellino,1894,15760,39.5
72,Bari,1894,32358,41.79
25,Belluno,1894,6984,37.5
62,Benevento,1894,9701,38.8
16,Bergamo,1894,16720,38.42
37,Bologna,1894,17067,33.95
17,Brescia,1894,17599,34.19
92,Cagliari,1894,15209,32.98
85,Caltanissetta,1894,11508,37.61
70,Campobasso,1894,14984,40.94
61,Caserta,1894,28308,37.25
87,Catania,1894,23207,35.43
79,Catanzaro,1894,17723,38.42
69,Chieti,1894,13641,37.77
13,Como,1894,18271,32.79
78,Cosenza,1894,18031,39.2
19,Cremona,1894,10958,34.38
4,Cuneo,1894,20767,32.62
38,Ferrara,1894,10184,39.59
48,Firenze,1894,29999,33.83
71,Foggia,1894,16077,40.08
40,Forli,1894,10934,40.45
10,Genova,1894,27025,30.96
84,Girgenti,1894,14219,40.58
53,Grosseto,1894,4599,34.34
75,Lecce,1894,24974,38.28
49,Livorno,1894,3209,26.08
46,Lucca,1894,10010,32.6
43,Macerata,1894,9291,36.81
20,Mantova,1894,10414,34.02
45,MassaCarrara,1894,7586,40.74
83,Messina,1894,18783,36.52
15,Milano,1894,48309,36.41
36,Modena,1894,11330,37.4
63,Napoli,1894,38525,35.08
3,Novara,1894,22728,31.6
28,Padova,1894,15682,36.72
82,Palermo,1894,26378,34.97
34,Parma,1894,9993,35.11
18,Pavia,1894,16287,33.43
54,Perugia,1894,21904,34.56
41,PesaroUrbino,1894,9477,38.99
33,Piacenza,1894,7825,32.79
50,Pisa,1894,10068,32.74
8,PortoMaurizio,1894,3755,27.0
76,Potenza,1894,19480,38.79
39,Ravenna,1894,7057,30.41
80,ReggioCalabria,1894,15543,38.01
35,ReggioEmilia,1894,10404,39.4
58,Roma,1894,36309,33.2
29,Rovigo,1894,8699,39.48
65,Salerno,1894,20234,36.18
90,Sassari,1894,9780,33.56
52,Siena,1894,7260,32.41
89,Siracusa,1894,15410,38.82
67,Teramo,1894,10052,34.82
1,Torino,1894,30727,28.18
81,Trapani,1894,11220,33.17
26,Treviso,1894,15336,38.44
30,Udine,1894,19975,35.63
27,Venezia,1894,13657,35.4
23,Verona,1894,13551,32.86
24,Vicenza,1894,15586,36.28
