"code","province","age_class","male","female","total"
"001","Torino","0",12734,12431,25165
"001","Torino","1-4",47152,46759,93911
"001","Torino","5-9",52837,53277,106114
"001","Torino","10-14",49452,49389,98841
"001","Torino","15-19",46043,48836,94879
"001","Torino","20-24",45644,45419,91063
"001","Torino","25-29",34784,39358,74142
"001","Torino","30-34",32245,37288,69533
"001","Torino","35-39",30886,34867,65753
"001","Torino","40-44",29860,33095,62955
"001","Torino","45-49",25885,27660,53545
"001","Torino","50-54",25965,27033,52998
"001","Torino","55-59",22219,21571,43790
"001","Torino","60-64",19883,19309,39192
"001","Torino","65-69",13642,12070,25712
"001","Torino","70-74",9701,8557,18258
"001","Torino","75-79",4789,3974,8763
"001","Torino","80-84",1842,1561,3403
"001","Torino","85+",602,570,1172
"003","Novara","0",9282,8721,18003
"003","Novara","1-4",34411,34246,68657
"003","Novara","5-9",37182,36900,74082
"003","Novara","10-14",32862,33744,66606
"003","Novara","15-19",30776,34320,65096
"003","Novara","20-24",26813,30265,57078
"003","Novara","25-29",22203,25746,47949
"003","Novara","30-34",21490,24735,46225
"003","Novara","35-39",19479,22413,41892
"003","Novara","40-44",18869,20931,39800
"003","Novara","45-49",16689,18015,34704
"003","Novara","50-54",16053,17394,33447
"003","Novara","55-59",13724,13592,27316
"003","Novara","60-64",11212,11932,23144
"003","Novara","65-69",7075,7028,14103
"003","Novara","70-74",4975,5074,10049
"003","Novara","75-79",2624,2448,5072
"003","Novara","80-84",945,1011,1956
"003","Novara","85+",308,325,633
"004","Cuneo","0",9258,8873,18131
"004","Cuneo","1-4",32073,31955,64028
"004","Cuneo","5-9",35906,35661,71567
"004","Cuneo","10-14",33098,32592,65690
"004","Cuneo","15-19",27429,29560,56989
"004","Cuneo","20-24",25752,25813,51565
"004","Cuneo","25-29",21149,22799,43948
"004","Cuneo","30-34",20174,21483,41657
"004","Cuneo","35-39",19220,19433,38653
"004","Cuneo","40-44",18574,19068,37642
"004","Cuneo","45-49",16260,15204,31464
"004","Cuneo","50-54",16286,15168,31454
"004","Cuneo","55-59",14286,12040,26326
"004","Cuneo","60-64",12602,10572,23174
"004","Cuneo","65-69",8830,6617,15447
"004","Cuneo","70-74",6035,4322,10357
"004","Cuneo","75-79",2921,1806,4727
"004","Cuneo","80-84",1174,714,1888
"004","Cuneo","85+",329,234,563
"006","Alessandria","0",11040,10841,21881
"006","Alessandria","1-4",36578,35677,72255
"006","Alessandria","5-9",40791,39527,80318
"006","Alessandria","10-14",36306,34706,71012
"006","Alessandria","15-19",34491,35028,69519
"006","Alessandria","20-24",31990,30706,62696
"006","Alessandria","25-29",27560,26954,54514
"006","Alessandria","30-34",23799,23947,47746
"006","Alessandria","35-39",22687,22586,45273
"006","Alessandria","40-44",21177,21057,42234
"006","Alessandria","45-49",18209,16728,34937
"006","Alessandria","50-54",18482,17133,35615
"006","Alessandria","55-59",15856,13129,28985
"006","Alessandria","60-64",14130,12328,26458
"006","Alessandria","65-69",9750,7247,16997
"006","Alessandria","70-74",6562,4833,11395
"006","Alessandria","75-79",3222,2039,5261
"006","Alessandria","80-84",1124,878,2002
"006","Alessandria","85+",303,300,603
"008","Imperia","0",1668,1596,3264
"008","Imperia","1-4",5559,5388,10947
"008","Imperia","5-9",6271,6177,12448
"008","Imperia","10-14",5734,5876,11610
"008","Imperia","15-19",5562,5987,11549
"008","Imperia","20-24",4856,5563,10419
"008","Imperia","25-29",4715,4853,9568
"008","Imperia","30-34",4784,4884,9668
"008","Imperia","35-39",4271,4414,8685
"008","Imperia","40-44",3913,4266,8179
"008","Imperia","45-49",3394,3432,6826
"008","Imperia","50-54",3426,3575,7001
"008","Imperia","55-59",2941,2874,5815
"008","Imperia","60-64",3116,2945,6061
"008","Imperia","65-69",2043,1956,3999
"008","Imperia","70-74",1669,1442,3111
"008","Imperia","75-79",1056,811,1867
"008","Imperia","80-84",506,443,949
"008","Imperia","85+",146,139,285
"010","Genova","0",9831,9652,19483
"010","Genova","1-4",34919,33981,68900
"010","Genova","5-9",40264,39057,79321
"010","Genova","10-14",37819,37499,75318
"010","Genova","15-19",35422,38463,73885
"010","Genova","20-24",33194,33882,67076
"010","Genova","25-29",27453,29582,57035
"010","Genova","30-34",25094,26881,51975
"010","Genova","35-39",22522,23382,45904
"010","Genova","40-44",21059,22626,43685
"010","Genova","45-49",17281,17913,35194
"010","Genova","50-54",18085,19559,37644
"010","Genova","55-59",14953,14470,29423
"010","Genova","60-64",14276,14534,28810
"010","Genova","65-69",9367,8489,17856
"010","Genova","70-74",7511,7296,14807
"010","Genova","75-79",4353,3601,7954
"010","Genova","80-84",2043,1933,3976
"010","Genova","85+",890,865,1755
"013","Como","0",7768,7529,15297
"013","Como","1-4",27477,26442,53919
"013","Como","5-9",28835,28736,57571
"013","Como","10-14",24821,24961,49812
"013","Como","15-19",23327,23988,47315
"013","Como","20-24",20157,21823,41980
"013","Como","25-29",18828,20447,39275
"013","Como","30-34",16699,18707,35406
"013","Como","35-39",15623,17268,32891
"013","Como","40-44",15013,15449,30462
"013","Como","45-49",12673,12739,25412
"013","Como","50-54",12262,11489,23751
"013","Como","55-59",9965,9524,19489
"013","Como","60-64",8840,8033,16873
"013","Como","65-69",6322,5278,11600
"013","Como","70-74",4554,3733,8287
"013","Como","75-79",2293,1681,3974
"013","Como","80-84",747,582,1329
"013","Como","85+",240,163,403
"014","Sondrio","0",16925,16698,33623
"014","Sondrio","1-4",57410,56306,113716
"014","Sondrio","5-9",58091,57290,115381
"014","Sondrio","10-14",51328,49779,101107
"014","Sondrio","15-19",51476,50084,101560
"014","Sondrio","20-24",50026,47926,97952
"014","Sondrio","25-29",44911,44871,89782
"014","Sondrio","30-34",40703,41994,82697
"014","Sondrio","35-39",39436,38413,77849
"014","Sondrio","40-44",35524,33611,69135
"014","Sondrio","45-49",30759,28329,59088
"014","Sondrio","50-54",26783,24673,51456
"014","Sondrio","55-59",21240,19036,40276
"014","Sondrio","60-64",17905,16768,34673
"014","Sondrio","65-69",11640,10426,22066
"014","Sondrio","70-74",7976,6889,14865
"014","Sondrio","75-79",3791,3194,6985
"014","Sondrio","80-84",1104,998,2102
"014","Sondrio","85+",274,270,544
"015","Milano","0",6186,5936,12122
"015","Milano","1-4",20634,19977,40611
"015","Milano","5-9",21565,21246,42811
"015","Milano","10-14",19245,18703,37948
"015","Milano","15-19",17513,17962,35475
"015","Milano","20-24",15449,16603,32052
"015","Milano","25-29",14203,15376,29579
"015","Milano","30-34",13436,13905,27341
"015","Milano","35-39",13530,13478,27008
"015","Milano","40-44",12359,11974,24333
"015","Milano","45-49",10293,9743,20036
"015","Milano","50-54",9494,8796,18290
"015","Milano","55-59",7838,7039,14877
"015","Milano","60-64",6262,5940,12202
"015","Milano","65-69",4210,3523,7733
"015","Milano","70-74",2838,2279,5137
"015","Milano","75-79",1305,1024,2329
"015","Milano","80-84",419,294,713
"015","Milano","85+",110,63,171
"016","Bergamo","0",6430,6060,12490
"016","Bergamo","1-4",20994,20592,41586
"016","Bergamo","5-9",23870,23256,47126
"016","Bergamo","10-14",22607,21634,44241
"016","Bergamo","15-19",21468,21376,42844
"016","Bergamo","20-24",20346,19408,39754
"016","Bergamo","25-29",17806,18187,35993
"016","Bergamo","30-34",16909,16809,33718
"016","Bergamo","35-39",16776,16103,32879
"016","Bergamo","40-44",16234,14973,31207
"016","Bergamo","45-49",13398,12592,25990
"016","Bergamo","50-54",12882,11704,24586
"016","Bergamo","55-59",10693,9718,20411
"016","Bergamo","60-64",8523,8021,16544
"016","Bergamo","65-69",5320,4867,10187
"016","Bergamo","70-74",3729,3306,7035
"016","Bergamo","75-79",1945,1630,3575
"016","Bergamo","80-84",584,492,1076
"016","Bergamo","85+",146,156,302
"017","Brescia","0",7064,6707,13771
"017","Brescia","1-4",23666,23402,47068
"017","Brescia","5-9",25849,25473,51322
"017","Brescia","10-14",22332,22480,44812
"017","Brescia","15-19",21551,23091,44642
"017","Brescia","20-24",19763,19504,39267
"017","Brescia","25-29",17786,18074,35860
"017","Brescia","30-34",15276,15628,30904
"017","Brescia","35-39",14897,15150,30047
"017","Brescia","40-44",14472,14299,28771
"017","Brescia","45-49",12385,11585,23970
"017","Brescia","50-54",11898,11274,23172
"017","Brescia","55-59",9746,8473,18219
"017","Brescia","60-64",8640,7940,16580
"017","Brescia","65-69",5364,4148,9512
"017","Brescia","70-74",3833,2892,6725
"017","Brescia","75-79",2007,1373,3380
"017","Brescia","80-84",782,644,1426
"017","Brescia","85+",216,167,383
"018","Pavia","0",4257,4064,8321
"018","Pavia","1-4",13195,12707,25902
"018","Pavia","5-9",15337,15111,30448
"018","Pavia","10-14",14976,14579,29555
"018","Pavia","15-19",13906,14197,28103
"018","Pavia","20-24",11555,12068,23623
"018","Pavia","25-29",10733,11469,22202
"018","Pavia","30-34",10172,10185,20357
"018","Pavia","35-39",10527,10598,21125
"018","Pavia","40-44",10458,10166,20624
"018","Pavia","45-49",9206,8678,17884
"018","Pavia","50-54",8386,7656,16042
"018","Pavia","55-59",6653,6366,13019
"018","Pavia","60-64",5425,5084,10509
"018","Pavia","65-69",3455,3016,6471
"018","Pavia","70-74",2495,2178,4673
"018","Pavia","75-79",1329,1088,2417
"018","Pavia","80-84",348,318,666
"018","Pavia","85+",84,61,145
"019","Cremona","0",4379,3956,8335
"019","Cremona","1-4",13917,13046,26963
"019","Cremona","5-9",15769,15060,30829
"019","Cremona","10-14",14540,13932,28472
"019","Cremona","15-19",14061,14088,28149
"019","Cremona","20-24",11718,11508,23226
"019","Cremona","25-29",9798,10045,19843
"019","Cremona","30-34",9946,9936,19882
"019","Cremona","35-39",10221,9561,19782
"019","Cremona","40-44",9901,9203,19104
"019","Cremona","45-49",8458,7758,16216
"019","Cremona","50-54",7810,7117,14927
"019","Cremona","55-59",6946,6269,13215
"019","Cremona","60-64",5259,4977,10236
"019","Cremona","65-69",3991,3537,7528
"019","Cremona","70-74",2521,2417,4938
"019","Cremona","75-79",1526,1435,2961
"019","Cremona","80-84",427,422,849
"019","Cremona","85+",110,102,212
"020","Mantova","0",5522,5045,10567
"020","Mantova","1-4",17883,17329,35212
"020","Mantova","5-9",20979,19974,40953
"020","Mantova","10-14",20001,18737,38738
"020","Mantova","15-19",18630,18412,37042
"020","Mantova","20-24",20003,15669,35672
"020","Mantova","25-29",14197,14163,28360
"020","Mantova","30-34",12922,13180,26102
"020","Mantova","35-39",13781,13140,26921
"020","Mantova","40-44",12703,11847,24550
"020","Mantova","45-49",10366,9583,19949
"020","Mantova","50-54",9064,8744,17808
"020","Mantova","55-59",8712,8255,16967
"020","Mantova","60-64",7036,6914,13950
"020","Mantova","65-69",4917,4520,9437
"020","Mantova","70-74",3530,3353,6883
"020","Mantova","75-79",1739,1724,3463
"020","Mantova","80-84",607,547,1154
"020","Mantova","85+",170,156,326
"023","Verona","0",6240,6112,12352
"023","Verona","1-4",20342,19913,40255
"023","Verona","5-9",23067,22266,45333
"023","Verona","10-14",20548,19773,40321
"023","Verona","15-19",18090,18367,36457
"023","Verona","20-24",15085,16187,31272
"023","Verona","25-29",13466,14157,27623
"023","Verona","30-34",12872,13006,25878
"023","Verona","35-39",13158,12622,25780
"023","Verona","40-44",12305,11633,23938
"023","Verona","45-49",9535,8894,18429
"023","Verona","50-54",8668,8437,17105
"023","Verona","55-59",8815,8232,17047
"023","Verona","60-64",6959,6336,13295
"023","Verona","65-69",4668,4239,8907
"023","Verona","70-74",3651,3288,6939
"023","Verona","75-79",2072,1692,3764
"023","Verona","80-84",712,555,1267
"023","Verona","85+",208,178,386
"024","Vicenza","0",2506,2469,4975
"024","Vicenza","1-4",9538,9202,18740
"024","Vicenza","5-9",10790,10474,21264
"024","Vicenza","10-14",9343,9347,18690
"024","Vicenza","15-19",7080,8434,15514
"024","Vicenza","20-24",5831,7199,13030
"024","Vicenza","25-29",4998,6515,11513
"024","Vicenza","30-34",4669,5866,10535
"024","Vicenza","35-39",4724,5897,10621
"024","Vicenza","40-44",4251,5305,9556
"024","Vicenza","45-49",3883,4470,8353
"024","Vicenza","50-54",3492,4076,7568
"024","Vicenza","55-59",3485,4056,7541
"024","Vicenza","60-64",2863,3318,6181
"024","Vicenza","65-69",1892,1878,3770
"024","Vicenza","70-74",1688,1634,3322
"024","Vicenza","75-79",1055,859,1914
"024","Vicenza","80-84",425,350,775
"024","Vicenza","85+",161,109,270
"025","Belluno","0",5693,5300,10993
"025","Belluno","1-4",18857,18040,36897
"025","Belluno","5-9",22664,21736,44400
"025","Belluno","10-14",20971,19428,40399
"025","Belluno","15-19",18907,18096,37003
"025","Belluno","20-24",15792,15134,30926
"025","Belluno","25-29",12769,12851,25620
"025","Belluno","30-34",11855,11631,23486
"025","Belluno","35-39",12020,11435,23455
"025","Belluno","40-44",10992,10485,21477
"025","Belluno","45-49",8998,8529,17527
"025","Belluno","50-54",8294,7831,16125
"025","Belluno","55-59",7939,7608,15547
"025","Belluno","60-64",6143,5857,12000
"025","Belluno","65-69",3968,3681,7649
"025","Belluno","70-74",3452,3300,6752
"025","Belluno","75-79",1958,1794,3752
"025","Belluno","80-84",642,564,1206
"025","Belluno","85+",213,269,482
"026","Treviso","0",5131,4905,10036
"026","Treviso","1-4",15689,15109,30798
"026","Treviso","5-9",18254,17722,35976
"026","Treviso","10-14",16625,15734,32359
"026","Treviso","15-19",16845,16789,33634
"026","Treviso","20-24",15882,15374,31256
"026","Treviso","25-29",13745,13632,27377
"026","Treviso","30-34",12204,12445,24649
"026","Treviso","35-39",12225,12352,24577
"026","Treviso","40-44",11052,11165,22217
"026","Treviso","45-49",9621,9653,19274
"026","Treviso","50-54",8376,8428,16804
"026","Treviso","55-59",7516,7778,15294
"026","Treviso","60-64",6047,6299,12346
"026","Treviso","65-69",3954,4265,8219
"026","Treviso","70-74",3092,3613,6705
"026","Treviso","75-79",1544,1837,3381
"026","Treviso","80-84",500,741,1241
"026","Treviso","85+",190,252,442
"027","Venezia","0",6172,5802,11974
"027","Venezia","1-4",18626,17977,36603
"027","Venezia","5-9",23028,22275,45303
"027","Venezia","10-14",20696,19978,40674
"027","Venezia","15-19",19051,18561,37612
"027","Venezia","20-24",17177,16212,33389
"027","Venezia","25-29",13531,13727,27258
"027","Venezia","30-34",13318,13285,26603
"027","Venezia","35-39",13406,13009,26415
"027","Venezia","40-44",12774,11758,24532
"027","Venezia","45-49",9791,9322,19113
"027","Venezia","50-54",8360,8208,16568
"027","Venezia","55-59",8749,8559,17308
"027","Venezia","60-64",6301,6364,12665
"027","Venezia","65-69",4638,4636,9274
"027","Venezia","70-74",3372,3637,7009
"027","Venezia","75-79",1930,2004,3934
"027","Venezia","80-84",581,614,1195
"027","Venezia","85+",149,178,327
"028","Padova","0",3458,3212,6670
"028","Padova","1-4",10774,10521,21295
"028","Padova","5-9",12590,12111,24701
"028","Padova","10-14",11014,10704,21718
"028","Padova","15-19",10530,10445,20975
"028","Padova","20-24",7994,8566,16560
"028","Padova","25-29",7413,7525,14938
"028","Padova","30-34",7592,7410,15002
"028","Padova","35-39",7600,7365,14965
"028","Padova","40-44",6677,6385,13062
"028","Padova","45-49",5916,5421,11337
"028","Padova","50-54",4804,4800,9604
"028","Padova","55-59",4345,4226,8571
"028","Padova","60-64",3337,3416,6753
"028","Padova","65-69",2515,2635,5150
"028","Padova","70-74",1780,1871,3651
"028","Padova","75-79",905,1082,1987
"028","Padova","80-84",277,299,576
"028","Padova","85+",78,103,181
"029","Rovigo","0",7052,6778,13830
"029","Rovigo","1-4",25227,24589,49816
"029","Rovigo","5-9",28038,27332,55370
"029","Rovigo","10-14",24125,23052,47177
"029","Rovigo","15-19",22523,22971,45494
"029","Rovigo","20-24",19912,21261,41173
"029","Rovigo","25-29",16387,18164,34551
"029","Rovigo","30-34",15625,17297,32922
"029","Rovigo","35-39",14952,15974,30926
"029","Rovigo","40-44",14343,15068,29411
"029","Rovigo","45-49",12022,12846,24868
"029","Rovigo","50-54",11870,12758,24628
"029","Rovigo","55-59",10971,11498,22469
"029","Rovigo","60-64",8550,9358,17908
"029","Rovigo","65-69",5772,5687,11459
"029","Rovigo","70-74",5336,5172,10508
"029","Rovigo","75-79",3065,2998,6063
"029","Rovigo","80-84",1146,1106,2252
"029","Rovigo","85+",422,488,910
"030","Udine","0",3469,3295,6764
"030","Udine","1-4",10169,9778,19947
"030","Udine","5-9",11966,11253,23219
"030","Udine","10-14",10553,10093,20646
"030","Udine","15-19",10133,10602,20735
"030","Udine","20-24",10971,9505,20476
"030","Udine","25-29",8047,8370,16417
"030","Udine","30-34",7386,7579,14965
"030","Udine","35-39",7308,7260,14568
"030","Udine","40-44",7507,6894,14401
"030","Udine","45-49",6370,5924,12294
"030","Udine","50-54",6615,5831,12446
"030","Udine","55-59",4912,4406,9318
"030","Udine","60-64",4960,4168,9128
"030","Udine","65-69",2782,2230,5012
"030","Udine","70-74",1951,1661,3612
"030","Udine","75-79",1028,768,1796
"030","Udine","80-84",407,329,736
"030","Udine","85+",134,103,237
"033","Piacenza","0",3664,3514,7178
"033","Piacenza","1-4",11852,11630,23482
"033","Piacenza","5-9",13761,13331,27092
"033","Piacenza","10-14",13019,12325,25344
"033","Piacenza","15-19",12250,12574,24824
"033","Piacenza","20-24",10953,11357,22310
"033","Piacenza","25-29",8917,9674,18591
"033","Piacenza","30-34",8835,9120,17955
"033","Piacenza","35-39",8400,8557,16957
"033","Piacenza","40-44",8402,8102,16504
"033","Piacenza","45-49",7322,6977,14299
"033","Piacenza","50-54",7777,7016,14793
"033","Piacenza","55-59",6304,5750,12054
"033","Piacenza","60-64",5736,5126,10862
"033","Piacenza","65-69",3277,2944,6221
"033","Piacenza","70-74",2638,2186,4824
"033","Piacenza","75-79",1488,1154,2642
"033","Piacenza","80-84",560,425,985
"033","Piacenza","85+",190,181,371
"034","Parma","0",3598,3513,7111
"034","Parma","1-4",11243,10882,22125
"034","Parma","5-9",13159,12827,25986
"034","Parma","10-14",12239,11959,24198
"034","Parma","15-19",11722,12113,23835
"034","Parma","20-24",9642,10563,20205
"034","Parma","25-29",7958,8751,16709
"034","Parma","30-34",8264,8332,16596
"034","Parma","35-39",7685,7730,15415
"034","Parma","40-44",7718,7493,15211
"034","Parma","45-49",6861,6302,13163
"034","Parma","50-54",6402,5846,12248
"034","Parma","55-59",5679,5128,10807
"034","Parma","60-64",4701,4158,8859
"034","Parma","65-69",2857,2511,5368
"034","Parma","70-74",2159,1823,3982
"034","Parma","75-79",1167,938,2105
"034","Parma","80-84",396,347,743
"034","Parma","85+",118,120,238
"035","Reggio Nell'emilia","0",4101,3679,7780
"035","Reggio Nell'emilia","1-4",12297,12101,24398
"035","Reggio Nell'emilia","5-9",14360,14074,28434
"035","Reggio Nell'emilia","10-14",13112,12847,25959
"035","Reggio Nell'emilia","15-19",13176,13924,27100
"035","Reggio Nell'emilia","20-24",11630,11967,23597
"035","Reggio Nell'emilia","25-29",9696,10367,20063
"035","Reggio Nell'emilia","30-34",9681,9528,19209
"035","Reggio Nell'emilia","35-39",8995,8625,17620
"035","Reggio Nell'emilia","40-44",8751,8299,17050
"035","Reggio Nell'emilia","45-49",7932,7546,15478
"035","Reggio Nell'emilia","50-54",7610,7032,14642
"035","Reggio Nell'emilia","55-59",6567,6098,12665
"035","Reggio Nell'emilia","60-64",5613,4950,10563
"035","Reggio Nell'emilia","65-69",3310,2940,6250
"035","Reggio Nell'emilia","70-74",2468,2165,4633
"035","Reggio Nell'emilia","75-79",1395,1186,2581
"035","Reggio Nell'emilia","80-84",460,436,896
"035","Reggio Nell'emilia","85+",142,166,308
"036","Modena","0",6255,5953,12208
"036","Modena","1-4",20118,19997,40115
"036","Modena","5-9",23123,22305,45428
"036","Modena","10-14",21445,20540,41985
"036","Modena","15-19",22139,22348,44487
"036","Modena","20-24",21074,19951,41025
"036","Modena","25-29",16467,16307,32774
"036","Modena","30-34",16183,16035,32218
"036","Modena","35-39",15691,15186,30877
"036","Modena","40-44",14040,13203,27243
"036","Modena","45-49",12726,11807,24533
"036","Modena","50-54",11833,11046,22879
"036","Modena","55-59",10523,10017,20540
"036","Modena","60-64",9203,8425,17628
"036","Modena","65-69",5207,5103,10310
"036","Modena","70-74",3651,3753,7404
"036","Modena","75-79",1953,1990,3943
"036","Modena","80-84",672,686,1358
"036","Modena","85+",226,247,473
"037","Bologna","0",3246,3003,6249
"037","Bologna","1-4",10425,10101,20526
"037","Bologna","5-9",12913,12467,25380
"037","Bologna","10-14",10904,10324,21228
"037","Bologna","15-19",11346,11444,22790
"037","Bologna","20-24",10205,10074,20279
"037","Bologna","25-29",8455,8272,16727
"037","Bologna","30-34",8266,7821,16087
"037","Bologna","35-39",8523,7926,16449
"037","Bologna","40-44",7833,7108,14941
"037","Bologna","45-49",6261,5596,11857
"037","Bologna","50-54",5534,5165,10699
"037","Bologna","55-59",4402,4353,8755
"037","Bologna","60-64",4028,3921,7949
"037","Bologna","65-69",2336,2578,4914
"037","Bologna","70-74",1562,1693,3255
"037","Bologna","75-79",851,1005,1856
"037","Bologna","80-84",272,365,637
"037","Bologna","85+",91,135,226
"038","Ferrara","0",2771,2518,5289
"038","Ferrara","1-4",9215,8922,18137
"038","Ferrara","5-9",10935,10792,21727
"038","Ferrara","10-14",10403,10158,20561
"038","Ferrara","15-19",11009,11190,22199
"038","Ferrara","20-24",10448,10086,20534
"038","Ferrara","25-29",8837,8384,17221
"038","Ferrara","30-34",8977,8217,17194
"038","Ferrara","35-39",8197,7591,15788
"038","Ferrara","40-44",7229,6947,14176
"038","Ferrara","45-49",6151,5557,11708
"038","Ferrara","50-54",5813,5573,11386
"038","Ferrara","55-59",4496,4359,8855
"038","Ferrara","60-64",4518,4385,8903
"038","Ferrara","65-69",2695,2545,5240
"038","Ferrara","70-74",1951,1922,3873
"038","Ferrara","75-79",983,943,1926
"038","Ferrara","80-84",384,385,773
"038","Ferrara","85+",126,141,267
"039","Ravenna","0",3959,3763,7722
"039","Ravenna","1-4",11328,10733,22061
"039","Ravenna","5-9",12860,12373,25233
"039","Ravenna","10-14",11449,10836,22285
"039","Ravenna","15-19",11847,12305,24152
"039","Ravenna","20-24",11253,10917,22170
"039","Ravenna","25-29",9417,9405,18822
"039","Ravenna","30-34",9587,9407,18994
"039","Ravenna","35-39",8293,7925,16218
"039","Ravenna","40-44",7783,7603,15386
"039","Ravenna","45-49",6640,5965,12605
"039","Ravenna","50-54",6527,6103,12630
"039","Ravenna","55-59",5133,4612,9745
"039","Ravenna","60-64",5134,4597,9731
"039","Ravenna","65-69",3088,2631,5719
"039","Ravenna","70-74",2622,2012,4634
"039","Ravenna","75-79",1065,800,1863
"039","Ravenna","80-84",465,366,831
"039","Ravenna","85+",159,121,280
"040","Forlì","0",3236,3058,6294
"040","Forlì","1-4",9718,9227,18945
"040","Forlì","5-9",10949,10716,21665
"040","Forlì","10-14",10659,9862,20521
"040","Forlì","15-19",10373,10869,21242
"040","Forlì","20-24",9146,9762,18908
"040","Forlì","25-29",7594,7830,15424
"040","Forlì","30-34",7808,7978,15786
"040","Forlì","35-39",6928,7219,14147
"040","Forlì","40-44",6535,6774,13309
"040","Forlì","45-49",6209,6060,12269
"040","Forlì","50-54",6050,6016,12066
"040","Forlì","55-59",5212,4900,10112
"040","Forlì","60-64",4881,4358,9239
"040","Forlì","65-69",2800,2575,5375
"040","Forlì","70-74",2449,2107,4556
"040","Forlì","75-79",1129,908,2037
"040","Forlì","80-84",486,389,875
"040","Forlì","85+",128,145,273
"041","Pesaro E Urbino","0",3832,3697,7529
"041","Pesaro E Urbino","1-4",11711,11071,22782
"041","Pesaro E Urbino","5-9",12801,12264,25065
"041","Pesaro E Urbino","10-14",12755,11949,24704
"041","Pesaro E Urbino","15-19",11743,12647,24390
"041","Pesaro E Urbino","20-24",10941,11486,22427
"041","Pesaro E Urbino","25-29",8750,9763,18513
"041","Pesaro E Urbino","30-34",8789,9763,18552
"041","Pesaro E Urbino","35-39",7976,9051,17027
"041","Pesaro E Urbino","40-44",7613,8597,16210
"041","Pesaro E Urbino","45-49",7041,7853,14894
"041","Pesaro E Urbino","50-54",6677,7288,13965
"041","Pesaro E Urbino","55-59",5899,6310,12209
"041","Pesaro E Urbino","60-64",5394,5643,11037
"041","Pesaro E Urbino","65-69",3610,3733,7343
"041","Pesaro E Urbino","70-74",2951,2967,5918
"041","Pesaro E Urbino","75-79",1520,1370,2890
"041","Pesaro E Urbino","80-84",733,694,1427
"041","Pesaro E Urbino","85+",203,252,453
"042","Ancona","0",3435,3111,6546
"042","Ancona","1-4",10283,9537,19820
"042","Ancona","5-9",11327,10659,21986
"042","Ancona","10-14",10791,10408,21199
"042","Ancona","15-19",10742,11631,22373
"042","Ancona","20-24",8750,10461,19211
"042","Ancona","25-29",7926,8840,16766
"042","Ancona","30-34",7739,8417,16156
"042","Ancona","35-39",7064,8214,15278
"042","Ancona","40-44",6533,7770,14303
"042","Ancona","45-49",6221,7043,13264
"042","Ancona","50-54",6224,7224,13448
"042","Ancona","55-59",5461,5639,11100
"042","Ancona","60-64",5186,5325,10511
"042","Ancona","65-69",3499,3505,7004
"042","Ancona","70-74",2846,2925,5775
"042","Ancona","75-79",1526,1438,2964
"042","Ancona","80-84",781,701,1482
"042","Ancona","85+",238,228,466
"043","Macerata","0",3165,2963,6128
"043","Macerata","1-4",9147,8699,17846
"043","Macerata","5-9",9786,9274,19060
"043","Macerata","10-14",9086,8689,17775
"043","Macerata","15-19",9326,9707,19033
"043","Macerata","20-24",7752,8781,16533
"043","Macerata","25-29",6772,7631,14403
"043","Macerata","30-34",6831,7737,14568
"043","Macerata","35-39",6194,7274,13468
"043","Macerata","40-44",5709,6662,12371
"043","Macerata","45-49",5950,6428,12378
"043","Macerata","50-54",5400,5926,11326
"043","Macerata","55-59",5165,5471,10636
"043","Macerata","60-64",4324,4679,9003
"043","Macerata","65-69",2989,3046,6035
"043","Macerata","70-74",2295,2388,4683
"043","Macerata","75-79",1284,1254,2538
"043","Macerata","80-84",562,497,1059
"043","Macerata","85+",167,168,335
"044","Ascoli Piceno","0",2447,2561,5008
"044","Ascoli Piceno","1-4",8595,8323,16918
"044","Ascoli Piceno","5-9",9840,9726,19566
"044","Ascoli Piceno","10-14",9232,9151,18383
"044","Ascoli Piceno","15-19",7869,9101,16970
"044","Ascoli Piceno","20-24",5677,7331,13008
"044","Ascoli Piceno","25-29",4540,5782,10322
"044","Ascoli Piceno","30-34",4808,5941,10749
"044","Ascoli Piceno","35-39",4269,5044,9313
"044","Ascoli Piceno","40-44",4308,4902,9210
"044","Ascoli Piceno","45-49",4011,4312,8323
"044","Ascoli Piceno","50-54",4310,4421,8731
"044","Ascoli Piceno","55-59",3466,3484,6950
"044","Ascoli Piceno","60-64",3359,3099,6458
"044","Ascoli Piceno","65-69",1824,1680,3504
"044","Ascoli Piceno","70-74",1585,1435,3020
"044","Ascoli Piceno","75-79",969,800,1769
"044","Ascoli Piceno","80-84",481,395,876
"044","Ascoli Piceno","85+",201,150,351
"045","Massa E Carrara","0",4167,3926,8093
"045","Massa E Carrara","1-4",13365,13146,26511
"045","Massa E Carrara","5-9",15670,15081,30751
"045","Massa E Carrara","10-14",14456,13834,28290
"045","Massa E Carrara","15-19",12671,14803,27474
"045","Massa E Carrara","20-24",9113,12721,21834
"045","Massa E Carrara","25-29",7287,10195,17482
"045","Massa E Carrara","30-34",7887,10452,18339
"045","Massa E Carrara","35-39",7291,8820,16111
"045","Massa E Carrara","40-44",7340,8864,16204
"045","Massa E Carrara","45-49",6956,7671,14627
"045","Massa E Carrara","50-54",7772,8451,16223
"045","Massa E Carrara","55-59",6260,6516,12776
"045","Massa E Carrara","60-64",5836,5617,11453
"045","Massa E Carrara","65-69",3200,3166,6366
"045","Massa E Carrara","70-74",3084,2930,6014
"045","Massa E Carrara","75-79",1716,1574,3290
"045","Massa E Carrara","80-84",978,887,1865
"045","Massa E Carrara","85+",401,371,772
"046","Lucca","0",11562,11069,22631
"046","Lucca","1-4",33331,32692,66023
"046","Lucca","5-9",41347,40063,81410
"046","Lucca","10-14",36830,35676,72506
"046","Lucca","15-19",37013,38361,75374
"046","Lucca","20-24",31518,32480,63998
"046","Lucca","25-29",26495,28465,54960
"046","Lucca","30-34",28906,29320,58226
"046","Lucca","35-39",25873,25769,51642
"046","Lucca","40-44",25308,24637,49945
"046","Lucca","45-49",21560,20365,41925
"046","Lucca","50-54",24455,21918,46373
"046","Lucca","55-59",17580,15638,33218
"046","Lucca","60-64",16483,14203,30686
"046","Lucca","65-69",8769,7532,16301
"046","Lucca","70-74",7727,6368,14095
"046","Lucca","75-79",3720,3089,6809
"046","Lucca","80-84",1842,1583,3425
"046","Lucca","85+",599,573,1172
"048","Firenze","0",1276,1268,2544
"048","Firenze","1-4",4548,4482,9030
"048","Firenze","5-9",5334,5263,10597
"048","Firenze","10-14",4945,4935,9880
"048","Firenze","15-19",5500,6043,11543
"048","Firenze","20-24",6095,5804,11899
"048","Firenze","25-29",4745,4855,9600
"048","Firenze","30-34",5046,4857,9903
"048","Firenze","35-39",4371,4280,8651
"048","Firenze","40-44",4063,3979,8042
"048","Firenze","45-49",3467,3470,6937
"048","Firenze","50-54",3626,3368,6994
"048","Firenze","55-59",2514,2424,4938
"048","Firenze","60-64",2298,2153,4451
"048","Firenze","65-69",1374,1322,2696
"048","Firenze","70-74",984,967,1951
"048","Firenze","75-79",542,601,1143
"048","Firenze","80-84",261,304,565
"048","Firenze","85+",92,132,224
"049","Livorno","0",4145,4027,8172
"049","Livorno","1-4",12890,12314,25204
"049","Livorno","5-9",15357,14658,30015
"049","Livorno","10-14",14694,13679,28373
"049","Livorno","15-19",14301,13991,28292
"049","Livorno","20-24",12088,11605,23693
"049","Livorno","25-29",10182,9660,19842
"049","Livorno","30-34",10631,9879,20510
"049","Livorno","35-39",9266,8644,17910
"049","Livorno","40-44",8958,8222,17180
"049","Livorno","45-49",7674,6625,14299
"049","Livorno","50-54",7598,6680,14278
"049","Livorno","55-59",5775,5047,10822
"049","Livorno","60-64",5447,4525,9972
"049","Livorno","65-69",3194,2646,5840
"049","Livorno","70-74",2688,2292,4980
"049","Livorno","75-79",1349,1101,2450
"049","Livorno","80-84",697,578,1275
"049","Livorno","85+",224,204,428
"050","Pisa","0",3806,3606,7412
"050","Pisa","1-4",9937,9696,19633
"050","Pisa","5-9",12535,12186,24721
"050","Pisa","10-14",11351,10375,21726
"050","Pisa","15-19",11312,11313,22625
"050","Pisa","20-24",9309,9422,18731
"050","Pisa","25-29",8535,8273,16808
"050","Pisa","30-34",8940,8406,17346
"050","Pisa","35-39",7607,7234,14841
"050","Pisa","40-44",7506,7314,14820
"050","Pisa","45-49",6764,6293,13057
"050","Pisa","50-54",7457,6788,14245
"050","Pisa","55-59",5261,4687,9948
"050","Pisa","60-64",5320,4402,9722
"050","Pisa","65-69",2712,2292,5004
"050","Pisa","70-74",2537,1932,4469
"050","Pisa","75-79",1215,865,2080
"050","Pisa","80-84",634,524,1158
"050","Pisa","85+",218,176,394
"051","Arezzo","0",2979,2845,5824
"051","Arezzo","1-4",8517,8186,16703
"051","Arezzo","5-9",10153,9841,19994
"051","Arezzo","10-14",9888,8959,18847
"051","Arezzo","15-19",10054,9867,19921
"051","Arezzo","20-24",8992,8294,17286
"051","Arezzo","25-29",8261,7463,15724
"051","Arezzo","30-34",8416,7584,16000
"051","Arezzo","35-39",7213,6436,13649
"051","Arezzo","40-44",6412,5751,12163
"051","Arezzo","45-49",6059,5137,11196
"051","Arezzo","50-54",6169,5315,11484
"051","Arezzo","55-59",4613,4087,8700
"051","Arezzo","60-64",4535,3648,8183
"051","Arezzo","65-69",2491,1930,4421
"051","Arezzo","70-74",1917,1577,3494
"051","Arezzo","75-79",859,594,1453
"051","Arezzo","80-84",384,285,669
"051","Arezzo","85+",121,94,215
"052","Siena","0",1603,1582,3185
"052","Siena","1-4",4975,4789,9764
"052","Siena","5-9",5751,5485,11236
"052","Siena","10-14",6162,5218,11380
"052","Siena","15-19",6979,5461,12440
"052","Siena","20-24",6510,4678,11188
"052","Siena","25-29",5757,3740,9497
"052","Siena","30-34",5819,3625,9444
"052","Siena","35-39",4615,2996,7641
"052","Siena","40-44",4097,2873,6970
"052","Siena","45-49",3418,2405,5823
"052","Siena","50-54",3077,2231,5308
"052","Siena","55-59",1990,1578,3568
"052","Siena","60-64",1785,1510,3295
"052","Siena","65-69",800,716,1516
"052","Siena","70-74",575,560,1135
"052","Siena","75-79",278,255,533
"052","Siena","80-84",133,137,270
"052","Siena","85+",43,53,96
"053","Grosseto","0",7734,7641,15375
"053","Grosseto","1-4",23046,22189,45235
"053","Grosseto","5-9",29158,27610,56768
"053","Grosseto","10-14",28707,26458,55165
"053","Grosseto","15-19",27144,26846,53990
"053","Grosseto","20-24",24927,24459,49386
"053","Grosseto","25-29",21722,20614,42336
"053","Grosseto","30-34",21005,20420,41425
"053","Grosseto","35-39",18395,17690,36085
"053","Grosseto","40-44",17129,17184,34313
"053","Grosseto","45-49",15384,14673,30057
"053","Grosseto","50-54",16696,15715,32411
"053","Grosseto","55-59",12354,11235,23589
"053","Grosseto","60-64",12515,10430,22945
"053","Grosseto","65-69",6499,5927,12426
"053","Grosseto","70-74",6228,5060,11288
"053","Grosseto","75-79",3012,2187,5199
"053","Grosseto","80-84",1756,1238,2994
"053","Grosseto","85+",602,459,1061
"054","Perugia","0",11519,11373,22892
"054","Perugia","1-4",36682,35385,72067
"054","Perugia","5-9",41976,40606,82582
"054","Perugia","10-14",42074,38687,80761
"054","Perugia","15-19",45778,40199,85977
"054","Perugia","20-24",49424,38569,87993
"054","Perugia","25-29",43471,35146,78617
"054","Perugia","30-34",42267,34026,76293
"054","Perugia","35-39",35719,29374,65093
"054","Perugia","40-44",32982,26571,59553
"054","Perugia","45-49",24870,21225,46095
"054","Perugia","50-54",24203,21907,46110
"054","Perugia","55-59",16792,16072,32864
"054","Perugia","60-64",14967,14944,29911
"054","Perugia","65-69",7729,7832,15561
"054","Perugia","70-74",5625,6194,11819
"054","Perugia","75-79",2430,2467,4897
"054","Perugia","80-84",1154,1438,2592
"054","Perugia","85+",361,441,802
"058","Roma","0",9973,9668,19641
"058","Roma","1-4",30502,30077,60579
"058","Roma","5-9",39119,37654,76773
"058","Roma","10-14",34615,32666,67281
"058","Roma","15-19",32179,32623,64802
"058","Roma","20-24",31560,30545,62105
"058","Roma","25-29",25298,26337,51635
"058","Roma","30-34",27308,28341,55649
"058","Roma","35-39",21936,22301,44237
"058","Roma","40-44",23842,24509,48351
"058","Roma","45-49",15359,16603,31962
"058","Roma","50-54",18648,20487,39135
"058","Roma","55-59",12023,13073,25096
"058","Roma","60-64",14050,15829,29879
"058","Roma","65-69",6814,7451,14265
"058","Roma","70-74",6052,7210,13262
"058","Roma","75-79",2326,2556,4882
"058","Roma","80-84",1571,1959,3530
"058","Roma","85+",430,595,1025
"061","Caserta","0",3585,3513,7098
"061","Caserta","1-4",10208,9952,20160
"061","Caserta","5-9",12578,11862,24440
"061","Caserta","10-14",10743,10192,20935
"061","Caserta","15-19",10143,10379,20522
"061","Caserta","20-24",9123,9690,18813
"061","Caserta","25-29",9262,9222,18484
"061","Caserta","30-34",10017,9553,19570
"061","Caserta","35-39",7575,7286,14861
"061","Caserta","40-44",7334,7621,14955
"061","Caserta","45-49",5505,5732,11237
"061","Caserta","50-54",6281,6842,13123
"061","Caserta","55-59",4575,4930,9505
"061","Caserta","60-64",5275,5740,11015
"061","Caserta","65-69",2629,2881,5510
"061","Caserta","70-74",2337,2541,4878
"061","Caserta","75-79",919,917,1836
"061","Caserta","80-84",551,580,1131
"061","Caserta","85+",159,193,352
"062","Benevento","0",13074,12453,25527
"062","Benevento","1-4",42450,40118,82568
"062","Benevento","5-9",50307,48625,98932
"062","Benevento","10-14",46827,45018,91845
"062","Benevento","15-19",44392,45750,90142
"062","Benevento","20-24",44804,45161,89965
"062","Benevento","25-29",36641,37863,74504
"062","Benevento","30-34",38207,39946,78153
"062","Benevento","35-39",31649,31096,62745
"062","Benevento","40-44",35268,35060,70328
"062","Benevento","45-49",22253,23211,45464
"062","Benevento","50-54",28582,30208,58790
"062","Benevento","55-59",17372,18097,35469
"062","Benevento","60-64",20990,22184,43174
"062","Benevento","65-69",9271,9527,18798
"062","Benevento","70-74",9201,9753,18954
"062","Benevento","75-79",3842,3673,7515
"062","Benevento","80-84",2818,3356,6174
"062","Benevento","85+",888,1125,2013
"063","Napoli","0",5824,5510,11334
"063","Napoli","1-4",18347,17816,36163
"063","Napoli","5-9",21349,20284,41633
"063","Napoli","10-14",18161,17658,35819
"063","Napoli","15-19",17310,17855,35165
"063","Napoli","20-24",15266,16946,32212
"063","Napoli","25-29",14684,15166,29850
"063","Napoli","30-34",14937,14916,29853
"063","Napoli","35-39",11169,11433,22602
"063","Napoli","40-44",11788,12207,23995
"063","Napoli","45-49",8764,9422,18186
"063","Napoli","50-54",10465,11222,21687
"063","Napoli","55-59",7127,7646,14773
"063","Napoli","60-64",8426,9234,17660
"063","Napoli","65-69",4141,4316,8457
"063","Napoli","70-74",3846,4017,7863
"063","Napoli","75-79",1470,1384,2854
"063","Napoli","80-84",1017,967,1984
"063","Napoli","85+",256,271,527
"064","Avellino","0",7195,6555,13750
"064","Avellino","1-4",24411,23523,47934
"064","Avellino","5-9",28789,27349,56138
"064","Avellino","10-14",25560,24371,49931
"064","Avellino","15-19",23816,25057,48873
"064","Avellino","20-24",22424,24381,46805
"064","Avellino","25-29",17894,21134,39028
"064","Avellino","30-34",18174,21518,39692
"064","Avellino","35-39",14357,16495,30852
"064","Avellino","40-44",16814,19565,36379
"064","Avellino","45-49",11259,13111,24360
"064","Avellino","50-54",15303,17721,33024
"064","Avellino","55-59",10124,11271,21395
"064","Avellino","60-64",12963,14044,27007
"064","Avellino","65-69",5847,6232,12079
"064","Avellino","70-74",6177,6608,12785
"064","Avellino","75-79",2485,2317,4802
"064","Avellino","80-84",1946,2092,4038
"064","Avellino","85+",591,694,1285
"065","Salerno","0",5180,4972,10107
"065","Salerno","1-4",17897,17140,35037
"065","Salerno","5-9",19955,19099,39054
"065","Salerno","10-14",16230,17030,33260
"065","Salerno","15-19",13239,17184,30423
"065","Salerno","20-24",11497,15999,27496
"065","Salerno","25-29",10798,14629,25427
"065","Salerno","30-34",10717,13844,24561
"065","Salerno","35-39",9385,11978,21363
"065","Salerno","40-44",8638,11400,20038
"065","Salerno","45-49",7779,9700,17479
"065","Salerno","50-54",8088,9915,18003
"065","Salerno","55-59",6716,8101,14817
"065","Salerno","60-64",6811,7570,14381
"065","Salerno","65-69",4469,4261,8730
"065","Salerno","70-74",3922,3686,7608
"065","Salerno","75-79",1805,1365,3170
"065","Salerno","80-84",865,693,1558
"065","Salerno","85+",260,221,481
"066","Aquila Degli Abruzzi","0",3519,3329,6848
"066","Aquila Degli Abruzzi","1-4",11380,11049,22429
"066","Aquila Degli Abruzzi","5-9",12748,12343,25091
"066","Aquila Degli Abruzzi","10-14",11617,10631,22248
"066","Aquila Degli Abruzzi","15-19",10789,10821,21610
"066","Aquila Degli Abruzzi","20-24",9575,10510,20085
"066","Aquila Degli Abruzzi","25-29",9149,9510,18659
"066","Aquila Degli Abruzzi","30-34",8784,8858,17642
"066","Aquila Degli Abruzzi","35-39",7659,7884,15543
"066","Aquila Degli Abruzzi","40-44",7898,8434,16332
"066","Aquila Degli Abruzzi","45-49",6802,6979,13781
"066","Aquila Degli Abruzzi","50-54",6524,6946,13470
"066","Aquila Degli Abruzzi","55-59",5966,6116,12082
"066","Aquila Degli Abruzzi","60-64",6354,6072,12426
"066","Aquila Degli Abruzzi","65-69",3748,3025,6773
"066","Aquila Degli Abruzzi","70-74",2609,2869,5478
"066","Aquila Degli Abruzzi","75-79",1268,1189,2457
"066","Aquila Degli Abruzzi","80-84",704,706,1410
"066","Aquila Degli Abruzzi","85+",226,216,442
"067","Teramo","0",5367,5146,10513
"067","Teramo","1-4",16068,15568,31636
"067","Teramo","5-9",17298,16909,34207
"067","Teramo","10-14",15877,15018,30895
"067","Teramo","15-19",14682,15368,30050
"067","Teramo","20-24",14431,15139,29570
"067","Teramo","25-29",12143,13133,25276
"067","Teramo","30-34",11904,12928,24832
"067","Teramo","35-39",9868,10797,20665
"067","Teramo","40-44",10392,11314,21706
"067","Teramo","45-49",8635,9326,17961
"067","Teramo","50-54",7640,8389,16029
"067","Teramo","55-59",6438,7149,13587
"067","Teramo","60-64",7146,7890,15036
"067","Teramo","65-69",4171,4288,8459
"067","Teramo","70-74",3681,3715,7396
"067","Teramo","75-79",1840,1620,3460
"067","Teramo","80-84",1007,1003,2010
"067","Teramo","85+",327,323,650
"069","Chieti","0",5938,5861,11799
"069","Chieti","1-4",16654,16047,32701
"069","Chieti","5-9",19359,18315,37674
"069","Chieti","10-14",16509,16132,32641
"069","Chieti","15-19",15666,16230,31896
"069","Chieti","20-24",14286,16634,30920
"069","Chieti","25-29",13975,15703,29678
"069","Chieti","30-34",13405,14738,28143
"069","Chieti","35-39",10037,11147,21184
"069","Chieti","40-44",10505,11776,22281
"069","Chieti","45-49",8652,9986,18638
"069","Chieti","50-54",8532,10208,18740
"069","Chieti","55-59",6444,7815,14259
"069","Chieti","60-64",6812,8149,14961
"069","Chieti","65-69",3878,4355,8233
"069","Chieti","70-74",3202,3617,6819
"069","Chieti","75-79",1464,1386,2850
"069","Chieti","80-84",725,831,1556
"069","Chieti","85+",236,211,447
"070","Campobasso","0",5755,5592,11347
"070","Campobasso","1-4",17410,17016,34426
"070","Campobasso","5-9",19411,18655,38066
"070","Campobasso","10-14",17172,15743,32915
"070","Campobasso","15-19",17116,16156,33272
"070","Campobasso","20-24",16223,16281,32504
"070","Campobasso","25-29",15968,15118,31086
"070","Campobasso","30-34",14936,13902,28838
"070","Campobasso","35-39",11323,10470,21793
"070","Campobasso","40-44",11463,11698,23161
"070","Campobasso","45-49",7547,8066,15613
"070","Campobasso","50-54",7888,9183,17071
"070","Campobasso","55-59",4941,5904,10845
"070","Campobasso","60-64",5140,7038,12178
"070","Campobasso","65-69",2266,2843,5109
"070","Campobasso","70-74",1955,2690,4645
"070","Campobasso","75-79",727,935,1662
"070","Campobasso","80-84",456,847,1303
"070","Campobasso","85+",157,248,405
"071","Foggia","0",10110,9616,19726
"071","Foggia","1-4",34460,33362,67822
"071","Foggia","5-9",37058,36097,73155
"071","Foggia","10-14",34614,32789,67403
"071","Foggia","15-19",30386,31744,62130
"071","Foggia","20-24",29449,31480,60929
"071","Foggia","25-29",26241,27000,53241
"071","Foggia","30-34",25301,25342,50643
"071","Foggia","35-39",19492,19293,38785
"071","Foggia","40-44",22721,23304,46025
"071","Foggia","45-49",13518,14277,27795
"071","Foggia","50-54",17425,18221,35646
"071","Foggia","55-59",9404,10145,19549
"071","Foggia","60-64",12875,13194,26069
"071","Foggia","65-69",4909,4887,9796
"071","Foggia","70-74",5630,5725,11355
"071","Foggia","75-79",2067,1874,3941
"071","Foggia","80-84",2008,2263,4271
"071","Foggia","85+",526,575,1101
"072","Bari Delle Puglie","0",8230,8115,16345
"072","Bari Delle Puglie","1-4",28004,27049,55053
"072","Bari Delle Puglie","5-9",30399,29563,59962
"072","Bari Delle Puglie","10-14",25899,24452,50351
"072","Bari Delle Puglie","15-19",24503,24679,49182
"072","Bari Delle Puglie","20-24",22280,22822,45102
"072","Bari Delle Puglie","25-29",22182,21958,44140
"072","Bari Delle Puglie","30-34",20410,20102,40512
"072","Bari Delle Puglie","35-39",16629,16273,32902
"072","Bari Delle Puglie","40-44",18158,18182,36340
"072","Bari Delle Puglie","45-49",12674,13393,26067
"072","Bari Delle Puglie","50-54",14292,15121,29413
"072","Bari Delle Puglie","55-59",8933,9509,18442
"072","Bari Delle Puglie","60-64",10377,11449,21826
"072","Bari Delle Puglie","65-69",4873,4885,9758
"072","Bari Delle Puglie","70-74",4403,4927,9330
"072","Bari Delle Puglie","75-79",1887,1944,3831
"072","Bari Delle Puglie","80-84",1511,2018,3529
"072","Bari Delle Puglie","85+",510,629,1139
"075","Lecce","0",8256,7851,16107
"075","Lecce","1-4",26536,25675,52211
"075","Lecce","5-9",28679,27225,55904
"075","Lecce","10-14",24819,23926,48745
"075","Lecce","15-19",22128,23499,45627
"075","Lecce","20-24",20481,23800,44281
"075","Lecce","25-29",19206,21710,40916
"075","Lecce","30-34",18671,21492,40163
"075","Lecce","35-39",13577,14991,28568
"075","Lecce","40-44",15359,18731,34090
"075","Lecce","45-49",10582,12227,22809
"075","Lecce","50-54",12744,15896,28640
"075","Lecce","55-59",7724,9584,17308
"075","Lecce","60-64",10914,12859,23773
"075","Lecce","65-69",4278,4671,8949
"075","Lecce","70-74",4281,5168,9449
"075","Lecce","75-79",1609,1547,3156
"075","Lecce","80-84",1388,1602,2990
"075","Lecce","85+",389,429,818
"076","Potenza","0",5471,5093,10564
"076","Potenza","1-4",22861,21239,44100
"076","Potenza","5-9",26430,23915,50345
"076","Potenza","10-14",24332,22777,47109
"076","Potenza","15-19",19873,21492,41365
"076","Potenza","20-24",18044,21924,39968
"076","Potenza","25-29",14914,18652,33566
"076","Potenza","30-34",14954,19497,34451
"076","Potenza","35-39",11110,13335,24445
"076","Potenza","40-44",13744,17378,31122
"076","Potenza","45-49",7936,9505,17441
"076","Potenza","50-54",11209,14421,25630
"076","Potenza","55-59",6196,7455,13651
"076","Potenza","60-64",8763,10346,19109
"076","Potenza","65-69",3209,3321,6530
"076","Potenza","70-74",3100,3808,6908
"076","Potenza","75-79",1080,1090,2170
"076","Potenza","80-84",917,1119,2036
"076","Potenza","85+",274,369,643
"078","Cosenza","0",5541,5143,10684
"078","Cosenza","1-4",20324,19544,39868
"078","Cosenza","5-9",23880,22682,46562
"078","Cosenza","10-14",22867,20927,43794
"078","Cosenza","15-19",20002,19589,39591
"078","Cosenza","20-24",19508,19069,38577
"078","Cosenza","25-29",17589,17245,34834
"078","Cosenza","30-34",16574,17035,33609
"078","Cosenza","35-39",12700,12578,25278
"078","Cosenza","40-44",14487,15499,29986
"078","Cosenza","45-49",9752,10370,20122
"078","Cosenza","50-54",10565,12464,23029
"078","Cosenza","55-59",6294,6878,13172
"078","Cosenza","60-64",7800,9195,16995
"078","Cosenza","65-69",3299,3399,6698
"078","Cosenza","70-74",2729,3512,6241
"078","Cosenza","75-79",1205,1133,2338
"078","Cosenza","80-84",855,1065,1920
"078","Cosenza","85+",311,365,676
"079","Catanzaro","0",4744,4568,9312
"079","Catanzaro","1-4",17735,16782,34517
"079","Catanzaro","5-9",21349,20328,41677
"079","Catanzaro","10-14",18892,17904,36796
"079","Catanzaro","15-19",15756,16685,32441
"079","Catanzaro","20-24",16272,17192,33464
"079","Catanzaro","25-29",14203,14610,28813
"079","Catanzaro","30-34",13966,14569,28535
"079","Catanzaro","35-39",10956,10954,21910
"079","Catanzaro","40-44",12945,13526,26471
"079","Catanzaro","45-49",7824,8001,15825
"079","Catanzaro","50-54",9604,10608,20212
"079","Catanzaro","55-59",5265,5757,11022
"079","Catanzaro","60-64",7030,7709,14739
"079","Catanzaro","65-69",2872,2942,5814
"079","Catanzaro","70-74",2852,3325,6177
"079","Catanzaro","75-79",1076,1043,2119
"079","Catanzaro","80-84",976,1173,2149
"079","Catanzaro","85+",343,387,730
"080","Reggio Di Calabria","0",4271,3747,8018
"080","Reggio Di Calabria","1-4",16329,15319,31648
"080","Reggio Di Calabria","5-9",17653,16820,34473
"080","Reggio Di Calabria","10-14",14026,13497,27523
"080","Reggio Di Calabria","15-19",12980,13495,26475
"080","Reggio Di Calabria","20-24",12337,13127,25464
"080","Reggio Di Calabria","25-29",11685,11255,22940
"080","Reggio Di Calabria","30-34",10533,10437,20970
"080","Reggio Di Calabria","35-39",7859,7463,15322
"080","Reggio Di Calabria","40-44",8632,8416,17048
"080","Reggio Di Calabria","45-49",4918,4950,9868
"080","Reggio Di Calabria","50-54",5903,6644,12547
"080","Reggio Di Calabria","55-59",3276,3771,7047
"080","Reggio Di Calabria","60-64",5172,6488,11660
"080","Reggio Di Calabria","65-69",2233,2337,4570
"080","Reggio Di Calabria","70-74",2172,2547,4719
"080","Reggio Di Calabria","75-79",749,782,1531
"080","Reggio Di Calabria","80-84",700,1009,1709
"080","Reggio Di Calabria","85+",169,246,415
"081","Trapani","0",9875,9580,19455
"081","Trapani","1-4",35645,34164,69809
"081","Trapani","5-9",39287,37280,76567
"081","Trapani","10-14",34727,32689,67416
"081","Trapani","15-19",31978,31769,63747
"081","Trapani","20-24",32164,30499,62663
"081","Trapani","25-29",28152,27225,55377
"081","Trapani","30-34",26921,26324,53245
"081","Trapani","35-39",21472,21013,42485
"081","Trapani","40-44",22346,21501,43847
"081","Trapani","45-49",13545,13595,27140
"081","Trapani","50-54",15539,16966,32505
"081","Trapani","55-59",9579,9941,19520
"081","Trapani","60-64",13890,15740,29630
"081","Trapani","65-69",6411,6577,12988
"081","Trapani","70-74",6329,6568,12897
"081","Trapani","75-79",2263,2104,4367
"081","Trapani","80-84",1940,2231,4171
"081","Trapani","85+",474,570,1044
"082","Palermo","0",5715,5562,11277
"082","Palermo","1-4",22883,21654,44537
"082","Palermo","5-9",24930,24215,49145
"082","Palermo","10-14",22899,22205,45104
"082","Palermo","15-19",20056,21395,41451
"082","Palermo","20-24",19643,20830,40473
"082","Palermo","25-29",16332,17181,33513
"082","Palermo","30-34",16367,17712,34079
"082","Palermo","35-39",12144,12763,24907
"082","Palermo","40-44",15118,15746,30864
"082","Palermo","45-49",9452,10168,19620
"082","Palermo","50-54",11881,13092,24973
"082","Palermo","55-59",6733,6957,13690
"082","Palermo","60-64",10553,10686,21239
"082","Palermo","65-69",4578,4165,8743
"082","Palermo","70-74",4639,4776,9415
"082","Palermo","75-79",1582,1473,3055
"082","Palermo","80-84",1548,1857,3405
"082","Palermo","85+",514,534,1048
"083","Messina","0",4906,4715,9621
"083","Messina","1-4",16869,15698,32567
"083","Messina","5-9",19126,17839,36965
"083","Messina","10-14",15832,15191,31023
"083","Messina","15-19",13274,14067,27341
"083","Messina","20-24",13833,14546,28379
"083","Messina","25-29",12989,12118,25107
"083","Messina","30-34",12607,12408,25015
"083","Messina","35-39",8630,7984,16614
"083","Messina","40-44",10452,10067,20519
"083","Messina","45-49",5420,5557,10977
"083","Messina","50-54",6802,8050,14852
"083","Messina","55-59",3502,3630,7132
"083","Messina","60-64",5831,7491,13322
"083","Messina","65-69",2237,2271,4508
"083","Messina","70-74",2195,2835,5030
"083","Messina","75-79",644,698,1342
"083","Messina","80-84",676,1024,1700
"083","Messina","85+",148,196,344
"084","Agrigento","0",4116,3867,7983
"084","Agrigento","1-4",14036,13199,27235
"084","Agrigento","5-9",15916,14661,30577
"084","Agrigento","10-14",13015,12002,25017
"084","Agrigento","15-19",12069,11679,23748
"084","Agrigento","20-24",12631,12513,25144
"084","Agrigento","25-29",11700,10057,21757
"084","Agrigento","30-34",10780,9892,20672
"084","Agrigento","35-39",7990,6936,14926
"084","Agrigento","40-44",9816,9008,18824
"084","Agrigento","45-49",5499,5165,10664
"084","Agrigento","50-54",6309,6801,13110
"084","Agrigento","55-59",2974,3149,6123
"084","Agrigento","60-64",4832,5737,10569
"084","Agrigento","65-69",1792,1712,3504
"084","Agrigento","70-74",1709,2023,3732
"084","Agrigento","75-79",584,514,1098
"084","Agrigento","80-84",574,829,1403
"084","Agrigento","85+",150,142,292
"085","Caltanissetta","0",7460,7046,14506
"085","Caltanissetta","1-4",28794,27176,55970
"085","Caltanissetta","5-9",31762,30575,62337
"085","Caltanissetta","10-14",27214,26397,53611
"085","Caltanissetta","15-19",25412,26741,52153
"085","Caltanissetta","20-24",24825,27143,51968
"085","Caltanissetta","25-29",23163,22075,45238
"085","Caltanissetta","30-34",22301,21935,44236
"085","Caltanissetta","35-39",15271,14881,30152
"085","Caltanissetta","40-44",19119,19179,38298
"085","Caltanissetta","45-49",10623,10920,21543
"085","Caltanissetta","50-54",14589,16056,30645
"085","Caltanissetta","55-59",6986,7675,14661
"085","Caltanissetta","60-64",10903,12674,23577
"085","Caltanissetta","65-69",3920,3991,7911
"085","Caltanissetta","70-74",4166,4942,9108
"085","Caltanissetta","75-79",1487,1442,2929
"085","Caltanissetta","80-84",1499,2024,3523
"085","Caltanissetta","85+",490,544,1034
"087","Catania","0",4945,4435,9380
"087","Catania","1-4",19226,17585,36811
"087","Catania","5-9",20579,19140,39719
"087","Catania","10-14",17811,16413,34224
"087","Catania","15-19",16873,16021,32894
"087","Catania","20-24",15878,16145,32023
"087","Catania","25-29",14243,12880,27123
"087","Catania","30-34",13189,12987,26176
"087","Catania","35-39",8706,8383,17089
"087","Catania","40-44",11803,11245,23048
"087","Catania","45-49",5859,5913,11772
"087","Catania","50-54",7992,8788,16780
"087","Catania","55-59",3875,3807,7682
"087","Catania","60-64",6284,7556,13840
"087","Catania","65-69",2109,2153,4262
"087","Catania","70-74",2203,2691,4894
"087","Catania","75-79",698,694,1392
"087","Catania","80-84",806,1167,1973
"087","Catania","85+",191,217,408
"089","Siracusa","0",3809,3471,7280
"089","Siracusa","1-4",12893,12272,25165
"089","Siracusa","5-9",15143,14679,29822
"089","Siracusa","10-14",13981,12734,26715
"089","Siracusa","15-19",12929,12778,25707
"089","Siracusa","20-24",12073,11461,23534
"089","Siracusa","25-29",10793,9420,20213
"089","Siracusa","30-34",9493,8725,18218
"089","Siracusa","35-39",8537,7436,15973
"089","Siracusa","40-44",9318,8745,18063
"089","Siracusa","45-49",6451,5732,12183
"089","Siracusa","50-54",6943,6728,13671
"089","Siracusa","55-59",3426,2956,6382
"089","Siracusa","60-64",3864,4077,7941
"089","Siracusa","65-69",1792,1642,3434
"089","Siracusa","70-74",1708,1943,3651
"089","Siracusa","75-79",706,621,1327
"089","Siracusa","80-84",669,688,1357
"089","Siracusa","85+",250,209,459
"090","Sassari","0",5453,5193,10646
"090","Sassari","1-4",20115,19269,39384
"090","Sassari","5-9",23277,22310,45587
"090","Sassari","10-14",19846,18507,38353
"090","Sassari","15-19",19349,18927,38276
"090","Sassari","20-24",19042,18336,37378
"090","Sassari","25-29",18068,16016,34084
"090","Sassari","30-34",16564,15147,31711
"090","Sassari","35-39",14634,12956,27590
"090","Sassari","40-44",15675,14225,29900
"090","Sassari","45-49",11170,9731,20901
"090","Sassari","50-54",11917,11522,23439
"090","Sassari","55-59",6502,5531,12033
"090","Sassari","60-64",6729,6887,13616
"090","Sassari","65-69",3389,3037,6426
"090","Sassari","70-74",2920,3108,6028
"090","Sassari","75-79",1345,1094,2439
"090","Sassari","80-84",1096,972,2068
"090","Sassari","85+",389,357,746
